task_20210615_Lab/2021-06-15-08-25-44.jpg,391.68,188.784,955.2,567.0,MESCHA,1920,1080
task_20210615_Lab/2021-06-15-08-26-42.jpg,524.928,267.84,1254.336,758.052,MESCHA,1920,1080
task_20210615_Lab/2021-06-15-08-26-48.jpg,1157.76,244.728,1644.096,532.224,MESCHA,1920,1080
task_20210615_Lab/2021-06-15-08-28-53.jpg,1373.952,254.34,1754.112,819.72,MESCHA,1920,1080
task_20210615_Lab/2021-06-15-08-29-13.jpg,501.696,258.228,1080.576,727.164,MESCHA,1920,1080
task_20210615_Lab/2021-06-15-08-30-22.jpg,706.368,248.616,1358.592,680.832,MESCHA,1920,1080
task_20210615_Lab/2021-06-15-08-30-29.jpg,934.08,555.336,1541.76,1080.0,MESCHA,1920,1080
task_20210615_Lab/2021-06-15-08-30-51.jpg,1020.864,283.284,1740.672,576.612,MESCHA,1920,1080
task_20210615_Lab/2021-06-15-08-31-01.jpg,1128.96,175.284,1767.552,597.888,MESCHA,1920,1080
task_20210615_Lab/2021-06-15-08-31-12.jpg,1124.928,283.284,1424.064,665.388,MESCHA,1920,1080
task_20210615_Lab/2021-06-15-08-31-39.jpg,1134.72,202.284,1487.808,528.336,MESCHA,1920,1080
task_20210615_Lab/2021-06-15-08-31-51.jpg,380.16,0.0,783.552,223.452,VEREUR,1920,1080
task_20210615_Lab/2021-06-15-08-31-57.jpg,607.872,163.62,1215.744,491.724,VEREUR,1920,1080
task_20210615_Lab/2021-06-15-08-32-01.jpg,598.272,190.728,1221.504,497.448,MESBLE,1920,1080
task_20210615_Lab/2021-06-15-08-32-01.jpg,1289.088,347.004,1566.912,1043.604,MESCHA,1920,1080
task_20210615_Lab/2021-06-15-08-32-25.jpg,715.968,127.008,1231.104,478.224,VEREUR,1920,1080
task_20210615_Lab/2021-06-15-08-32-34.jpg,1238.784,269.784,1646.016,574.668,MESCHA,1920,1080
task_20210615_Lab/2021-06-15-08-32-34.jpg,740.928,136.62,1350.72,472.392,VEREUR,1920,1080
task_20210615_Lab/2021-06-15-08-32-45.jpg,1206.144,283.284,1732.8,590.112,MESCHA,1920,1080
task_20210615_Lab/2021-06-15-08-32-45.jpg,959.04,169.452,1263.936,482.112,VEREUR,1920,1080
task_20210615_Lab/2021-06-15-08-32-50.jpg,970.56,173.34,1331.52,485.892,VEREUR,1920,1080
task_20210615_Lab/2021-06-15-08-32-50.jpg,1491.264,296.46,1920.0,558.144,MESCHA,1920,1080
task_20210615_Lab/2021-06-15-08-33-01.jpg,824.064,184.896,1385.472,472.392,VEREUR,1920,1080
task_20210615_Lab/2021-06-15-08-33-01.jpg,814.272,557.28,1580.352,1080.0,MESCHA,1920,1080
task_20210615_Lab/2021-06-15-08-33-14.jpg,795.072,206.172,1377.792,470.448,VEREUR,1920,1080
task_20210615_Lab/2021-06-15-08-33-14.jpg,1063.296,298.728,1756.032,607.5,MESCHA,1920,1080
task_20210615_Lab/2021-06-15-08-33-18.jpg,843.264,202.284,1337.28,476.28,VEREUR,1920,1080
task_20210615_Lab/2021-06-15-08-33-18.jpg,1339.2,291.06,1711.68,873.828,MESCHA,1920,1080
task_20210615_Lab/2021-06-15-08-33-22.jpg,1437.696,329.616,1852.416,1016.604,MESCHA,1920,1080
task_20210615_Lab/2021-06-15-08-33-22.jpg,953.28,190.728,1325.76,553.5,VEREUR,1920,1080
task_20210615_Lab/2021-06-15-08-33-29.jpg,1442.688,875.34,1803.84,1080.0,MESCHA,1920,1080
task_20210615_Lab/2021-06-15-08-33-29.jpg,793.152,144.396,1315.968,516.78,VEREUR,1920,1080
task_20210615_Lab/2021-06-15-08-33-38.jpg,968.64,248.616,1557.312,565.056,VEREUR,1920,1080
task_20210615_Lab/2021-06-15-08-33-38.jpg,1573.824,537.624,1920.0,1080.0,MESCHA,1920,1080
task_20210615_Lab/2021-06-15-08-33-51.jpg,1153.152,221.832,1831.68,550.692,MESCHA,1920,1080
task_20210615_Lab/2021-06-15-08-34-07.jpg,852.864,227.34,1541.76,609.444,MESCHA,1920,1080
task_20210615_Lab/2021-06-15-08-34-19.jpg,745.728,474.768,1470.336,1074.492,MESCHA,1920,1080
task_20210615_Lab/2021-06-15-08-34-26.jpg,1017.024,188.784,1570.752,541.836,MESCHA,1920,1080
task_20210615_Lab/2021-06-15-08-34-26.jpg,1402.944,943.272,1732.8,1080.0,MESCHA,1920,1080
task_20210615_Lab/2021-06-15-08-34-37.jpg,907.008,215.784,1215.744,507.168,MESCHA,1920,1080
task_20210615_Lab/2021-06-15-08-34-43.jpg,704.448,273.672,955.2,729.108,MESCHA,1920,1080
task_20210615_Lab/2021-06-15-08-34-50.jpg,806.592,204.228,1015.104,472.392,MESCHA,1920,1080
task_20210615_Lab/2021-06-15-08-34-58.jpg,1260.096,316.116,1920.0,675.756,MESCHA,1920,1080
task_20210615_Lab/2021-06-15-08-34-58.jpg,1050.624,162.972,1412.352,449.172,MESCHA,1920,1080
task_20210615_Lab/2021-06-15-08-35-03.jpg,1011.456,219.564,1592.64,497.448,MESCHA,1920,1080
task_20210615_Lab/2021-06-15-08-35-03.jpg,1134.144,377.028,1835.904,969.84,MESCHA,1920,1080
task_20210615_Lab/2021-06-15-08-35-42.jpg,743.424,98.928,1380.096,494.856,MESCHA,1920,1080
task_20210615_Lab/2021-06-15-08-35-59.jpg,466.944,196.452,1167.552,667.332,MESCHA,1920,1080
task_20210615_Lab/2021-06-15-08-36-15.jpg,1443.264,749.844,1649.472,976.752,MESCHA,1920,1080
task_20210615_Lab/2021-06-15-08-46-43.jpg,1195.2,214.164,1570.368,480.492,MESCHA,1920,1080
task_20210615_Lab/2021-06-15-08-46-49.jpg,1284.864,190.728,1799.424,502.74,MESCHA,1920,1080
task_20210615_Lab/2021-06-15-09-00-25.jpg,1223.424,347.004,1557.312,1080.0,MESCHA,1920,1080
task_20210615_Lab/2021-06-15-09-00-29.jpg,1051.776,233.172,1576.512,514.836,MESCHA,1920,1080
task_20210615_Lab/2021-06-15-09-00-54.jpg,675.456,609.444,1582.272,1080.0,MESCHA,1920,1080
task_20210615_Lab/2021-06-15-09-00-59.jpg,1296.768,227.34,1555.392,646.056,MESCHA,1920,1080
task_20210615_Lab/2021-06-15-09-01-59.jpg,1564.032,786.024,1894.656,1080.0,MESCHA,1920,1080
task_20210615_Lab/2021-06-15-09-02-15.jpg,1163.712,252.396,1526.4,798.552,MESCHA,1920,1080
task_20210615_Lab/2021-06-15-09-02-19.jpg,1153.92,337.392,1402.944,669.276,MESCHA,1920,1080
task_20210615_Lab/2021-06-15-09-02-19.jpg,995.712,788.832,1611.264,1080.0,MESCHA,1920,1080
task_20210615_Lab/2021-06-15-09-02-23.jpg,943.68,213.84,1482.048,536.112,MESCHA,1920,1080
task_20210615_Lab/2021-06-15-09-02-23.jpg,1476.288,252.396,1833.216,715.5,MESCHA,1920,1080
task_20210615_Lab/2021-06-15-09-02-26.jpg,796.992,381.672,1427.904,661.5,MESCHA,1920,1080
task_20210615_Lab/2021-06-15-09-02-26.jpg,1101.888,219.672,1375.872,418.392,MESCHA,1920,1080
task_20210615_Lab/2021-06-15-09-02-30.jpg,1152.0,236.196,1557.312,514.08,MESCHA,1920,1080
task_20210615_Lab/2021-06-15-09-02-56.jpg,986.112,231.228,1507.008,466.668,MESCHA,1920,1080
task_20210615_Lab/2021-06-15-09-03-00.jpg,1143.36,227.88,1485.12,450.144,MESCHA,1920,1080
task_20210615_Lab/2021-06-15-09-03-05.jpg,1189.44,316.116,1546.752,627.696,MESCHA,1920,1080
task_20210615_Lab/2021-06-15-09-03-08.jpg,1394.304,291.06,1710.912,671.76,MESCHA,1920,1080
task_20210615_Lab/2021-06-15-09-03-41.jpg,1240.704,349.812,1832.832,683.424,MESCHA,1920,1080
task_20210615_Lab/2021-06-15-09-03-47.jpg,1101.888,204.228,1549.632,638.388,MESCHA,1920,1080
task_20210615_Lab/2021-06-15-09-04-05.jpg,1403.136,222.156,1756.8,688.5,MESCHA,1920,1080
task_20210615_Lab/2021-06-15-09-04-05.jpg,792.768,223.02,1141.056,480.924,MESCHA,1920,1080
task_20210615_Lab/2021-06-15-09-05-05.jpg,1193.856,215.568,1818.048,470.232,MESCHA,1920,1080
task_20210615_Lab/2021-06-15-09-05-10.jpg,1281.408,271.728,1831.296,574.668,MESCHA,1920,1080
task_20210615_Lab/2021-06-15-09-05-10.jpg,1082.496,246.672,1343.04,659.556,MESCHA,1920,1080
task_20210615_Lab/2021-06-15-09-05-13.jpg,1038.144,240.84,1454.976,474.336,MESCHA,1920,1080
task_20210615_Lab/2021-06-15-09-05-13.jpg,1263.936,314.172,1667.328,538.056,MESCHA,1920,1080
task_20210615_Lab/2021-06-15-09-05-19.jpg,1090.368,242.784,1422.144,636.444,MESCHA,1920,1080
task_20210615_Lab/2021-06-15-09-05-24.jpg,1133.952,269.028,1741.44,605.124,MESCHA,1920,1080
task_20210615_Lab/2021-06-15-09-05-29.jpg,868.416,144.396,1362.432,455.004,MESCHA,1920,1080
task_20210615_Lab/2021-06-15-09-05-29.jpg,501.696,267.84,1254.336,696.276,MESCHA,1920,1080
task_20210615_Lab/2021-06-15-09-05-34.jpg,573.12,262.116,1059.456,900.828,MESCHA,1920,1080
task_20210615_Lab/2021-06-15-09-05-34.jpg,1121.088,289.116,1640.256,543.78,MESCHA,1920,1080
task_20210615_Lab/2021-06-15-09-05-34.jpg,1559.232,246.672,1920.0,690.552,MESCHA,1920,1080
task_20210615_Lab/2021-06-15-09-05-49.jpg,1146.24,287.172,1669.248,594.0,MESCHA,1920,1080
task_20210615_Lab/2021-06-15-09-05-58.jpg,1518.72,273.672,1920.0,856.44,MESCHA,1920,1080
task_20210615_Lab/2021-06-15-09-05-58.jpg,876.672,798.444,1548.288,1080.0,MESCHA,1920,1080
task_20210615_Lab/2021-06-15-09-05-58.jpg,1293.504,247.212,1565.376,475.524,MESCHA,1920,1080
task_20210615_Lab/2021-06-15-09-06-03.jpg,694.656,250.56,1424.064,659.556,MESCHA,1920,1080
task_20210615_Lab/2021-06-15-09-06-03.jpg,1223.424,84.564,1487.808,375.948,MESCHA,1920,1080
task_20210615_Lab/2021-06-15-09-06-03.jpg,1356.672,275.616,1659.456,476.28,MESCHA,1920,1080
task_20210615_Lab/2021-06-15-09-06-09.jpg,1144.32,202.284,1823.616,557.28,MESCHA,1920,1080
task_20210615_Lab/2021-06-15-09-06-09.jpg,1138.56,298.728,1429.824,455.004,MESCHA,1920,1080
task_20210615_Lab/2021-06-15-09-06-13.jpg,762.24,225.396,1410.624,516.78,MESCHA,1920,1080
task_20210615_Lab/2021-06-15-09-06-13.jpg,1144.32,250.56,1696.128,538.056,MESCHA,1920,1080
task_20210615_Lab/2021-06-15-09-06-13.jpg,1263.936,619.056,1911.168,1080.0,MESCHA,1920,1080
task_20210615_Lab/2021-06-15-09-06-18.jpg,1192.512,155.952,1738.56,516.78,MESCHA,1920,1080
task_20210615_Lab/2021-06-15-09-06-18.jpg,908.928,206.172,1233.024,595.944,MESCHA,1920,1080
task_20210615_Lab/2021-06-15-09-06-27.jpg,936.0,146.34,1177.152,570.78,MESCHA,1920,1080
task_20210615_Lab/2021-06-15-09-06-41.jpg,1335.36,213.84,1611.264,727.164,MESCHA,1920,1080
task_20210615_Lab/2021-06-15-09-06-44.jpg,868.416,184.896,1113.408,458.892,MESCHA,1920,1080
task_20210615_Lab/2021-06-15-09-06-44.jpg,1333.44,275.616,1653.696,584.388,MESCHA,1920,1080
task_20210615_Lab/2021-06-15-09-06-51.jpg,1279.296,235.116,1592.064,431.892,MESCHA,1920,1080
task_20210615_Lab/2021-06-15-09-06-51.jpg,700.416,404.892,1462.656,1080.0,MESCHA,1920,1080
task_20210615_Lab/2021-06-15-09-07-05.jpg,520.512,133.92,1071.744,571.536,MESCHA,1920,1080
task_20210615_Lab/2021-06-15-09-07-05.jpg,1174.656,285.876,1813.824,553.824,MESCHA,1920,1080
task_20210615_Lab/2021-06-15-09-07-05.jpg,652.608,573.804,1594.944,1076.328,MESCHA,1920,1080
task_20210615_Lab/2021-06-15-09-07-11.jpg,1242.816,999.216,1920.0,1080.0,MESCHA,1920,1080
task_20210615_Lab/2021-06-15-09-07-11.jpg,1346.88,238.896,1663.488,439.56,MESCHA,1920,1080
task_20210615_Lab/2021-06-15-09-07-20.jpg,1123.008,148.284,1341.12,478.224,MESCHA,1920,1080
task_20210615_Lab/2021-06-15-09-07-33.jpg,970.56,277.56,1420.224,634.5,MESCHA,1920,1080
task_20210615_Lab/2021-06-15-09-07-37.jpg,706.368,260.172,1360.512,547.668,MESCHA,1920,1080
task_20210615_Lab/2021-06-15-09-07-40.jpg,1107.648,213.84,1495.488,516.78,MESCHA,1920,1080
task_20210615_Lab/2021-06-15-09-07-53.jpg,1229.184,293.004,1788.864,864.108,MESCHA,1920,1080
task_20210615_Lab/2021-06-15-09-07-57.jpg,1076.736,298.728,1736.64,684.72,MESCHA,1920,1080
task_20210615_Lab/2021-06-15-09-08-06.jpg,524.928,725.22,1665.408,1080.0,MESCHA,1920,1080
task_20210615_Lab/2021-06-15-09-08-06.jpg,1127.04,196.452,1385.472,499.392,MESCHA,1920,1080
task_20210615_Lab/2021-06-15-09-08-30.jpg,1437.696,221.508,1667.328,543.78,MESCHA,1920,1080
task_20210615_Lab/2021-06-15-09-08-42.jpg,923.52,211.68,1575.552,589.14,MESCHA,1920,1080
task_20210615_Lab/2021-06-15-09-08-42.jpg,1204.8,213.948,1783.296,454.032,MESCHA,1920,1080
task_20210615_Lab/2021-06-15-09-08-50.jpg,1003.584,235.332,1514.112,459.108,MESCHA,1920,1080
task_20210615_Lab/2021-06-15-09-08-50.jpg,1370.688,284.904,1629.312,711.072,MESCHA,1920,1080
task_20210615_Lab/2021-06-15-09-09-08.jpg,795.456,477.468,1402.176,1080.0,MESCHA,1920,1080
task_20210615_Lab/2021-06-15-09-09-15.jpg,1352.64,229.284,1605.504,713.664,MESCHA,1920,1080
task_20210615_Lab/2021-06-15-09-09-23.jpg,675.456,644.112,1785.024,1080.0,MESCHA,1920,1080
task_20210615_Lab/2021-06-15-09-09-23.jpg,999.552,264.06,1590.144,520.668,MESCHA,1920,1080
task_20210615_Lab/2021-06-15-09-09-27.jpg,1127.04,229.284,1840.896,651.888,MESCHA,1920,1080
task_20210615_Lab/2021-06-15-09-09-27.jpg,1138.56,262.116,1360.512,466.668,MESCHA,1920,1080
task_20210615_Lab/2021-06-15-09-09-43.jpg,1072.896,225.396,1526.4,538.056,MESCHA,1920,1080
task_20210615_Lab/2021-06-15-09-09-47.jpg,1306.368,223.452,1813.824,447.336,MESCHA,1920,1080
task_20210615_Lab/2021-06-15-09-09-47.jpg,852.864,269.784,1578.432,761.832,MESCHA,1920,1080
task_20210615_Lab/2021-06-15-09-09-55.jpg,1255.296,209.412,1822.08,450.684,MESCHA,1920,1080
task_20210615_Lab/2021-06-15-09-09-55.jpg,1227.264,1008.828,1825.536,1080.0,MESCHA,1920,1080
task_20210615_Lab/2021-06-15-09-09-55.jpg,1017.984,268.38,1654.656,627.588,MESCHA,1920,1080
task_20210615_Lab/2021-06-15-09-10-02.jpg,1229.184,333.504,1555.392,1080.0,MESCHA,1920,1080
task_20210615_Lab/2021-06-15-09-10-02.jpg,1308.288,235.116,1511.04,431.892,MESCHA,1920,1080
task_20210615_Lab/2021-06-15-09-10-19.jpg,1335.36,221.508,1831.296,516.78,MESCHA,1920,1080
task_20210615_Lab/2021-06-15-09-10-19.jpg,654.144,175.284,1256.256,511.056,MESCHA,1920,1080
task_20210615_Lab/2021-06-15-09-10-44.jpg,835.584,321.948,1590.144,686.664,MESCHA,1920,1080
task_20210615_Lab/2021-06-15-09-11-04.jpg,1070.976,273.672,1375.872,856.44,MESCHA,1920,1080
task_20210615_Lab/2021-06-15-09-11-08.jpg,1298.688,646.056,1871.808,1080.0,MESCHA,1920,1080
task_20210615_Lab/2021-06-15-09-11-13.jpg,1329.6,229.284,1597.824,567.0,MESCHA,1920,1080
task_20210615_Lab/2021-06-15-09-13-22.jpg,1238.784,246.672,1802.304,846.72,MESCHA,1920,1080
task_20210615_Lab/2021-06-15-09-15-36.jpg,1186.752,252.396,1497.408,773.388,MESCHA,1920,1080
task_20210615_Lab/2021-06-15-09-21-33.jpg,991.872,235.116,1227.264,478.224,MESCHA,1920,1080
task_20210615_Lab/2021-06-15-09-21-37.jpg,949.44,229.284,1557.312,485.892,MESCHA,1920,1080
task_20210615_Lab/2021-06-15-09-22-05.jpg,430.272,233.172,1127.04,667.332,MESCHA,1920,1080
task_20210615_Lab/2021-06-15-09-22-20.jpg,1024.704,171.396,1539.84,468.612,MESCHA,1920,1080
task_20210615_Lab/2021-06-15-09-22-25.jpg,1350.72,231.228,1551.552,493.668,MESCHA,1920,1080
task_20210615_Lab/2021-06-15-09-22-25.jpg,1512.96,325.728,1788.864,754.164,MESCHA,1920,1080
task_20210615_Lab/2021-06-15-09-22-59.jpg,592.512,229.284,1254.336,568.944,MESCHA,1920,1080
task_20210615_Lab/2021-06-15-09-23-04.jpg,1001.472,246.672,1692.288,507.168,MESCHA,1920,1080
task_20210615_Lab/2021-06-15-09-23-09.jpg,957.12,194.508,1518.72,482.112,MESCHA,1920,1080
task_20210615_Lab/2021-06-15-09-23-49.jpg,1478.208,275.616,1736.64,769.608,MESCHA,1920,1080
task_20210615_Lab/2021-06-15-09-24-05.jpg,1348.8,347.004,1920.0,705.888,MESCHA,1920,1080
task_20210615_Lab/2021-06-15-09-24-30.jpg,542.208,244.728,1206.144,605.556,MESCHA,1920,1080
task_20210615_Lab/2021-06-15-09-24-45.jpg,507.456,213.84,1163.712,671.22,MESCHA,1920,1080
task_20210615_Lab/2021-06-15-09-25-49.jpg,1055.616,198.396,1404.864,559.224,MESCHA,1920,1080
task_20210615_Lab/2021-06-15-09-26-33.jpg,1032.384,265.896,1281.408,501.336,MESCHA,1920,1080
task_20210615_Lab/2021-06-15-09-26-33.jpg,850.944,553.5,1516.8,1080.0,MESCHA,1920,1080
task_20210615_Lab/2021-06-15-09-26-40.jpg,1476.288,269.784,1734.72,653.832,MESCHA,1920,1080
task_20210615_Lab/2021-06-15-09-26-40.jpg,881.856,271.728,1103.808,538.056,MESCHA,1920,1080
task_20210615_Lab/2021-06-15-09-26-40.jpg,1092.288,157.896,1441.536,433.836,MESCHA,1920,1080
task_20210615_Lab/2021-06-15-09-26-44.jpg,1265.856,206.172,1582.272,530.28,MESCHA,1920,1080
task_20210615_Lab/2021-06-15-09-26-44.jpg,1007.232,213.84,1221.504,657.612,MESCHA,1920,1080
task_20210615_Lab/2021-06-15-09-26-44.jpg,1487.808,192.672,1757.952,572.724,MESCHA,1920,1080
task_20210615_Lab/2021-06-15-09-26-48.jpg,1215.744,246.672,1767.552,443.448,MESCHA,1920,1080
task_20210615_Lab/2021-06-15-09-26-48.jpg,1128.96,347.004,1771.392,622.944,MESCHA,1920,1080
task_20210615_Lab/2021-06-15-09-26-48.jpg,831.744,236.952,1209.984,547.668,MESCHA,1920,1080
task_20210615_Lab/2021-06-15-09-26-52.jpg,1111.488,279.396,1761.792,599.724,MESCHA,1920,1080
task_20210615_Lab/2021-06-15-09-26-52.jpg,1352.64,231.228,1547.712,304.56,MESCHA,1920,1080
task_20210615_Lab/2021-06-15-09-26-52.jpg,885.696,260.172,1511.04,543.78,MESCHA,1920,1080
task_20210615_Lab/2021-06-15-09-26-58.jpg,1234.944,231.228,1644.096,509.112,MESCHA,1920,1080
task_20210615_Lab/2021-06-15-09-26-58.jpg,1294.848,289.116,1796.544,765.72,MESBLE,1920,1080
task_20210615_Lab/2021-06-15-09-27-03.jpg,1508.928,246.672,1920.0,692.82,MESCHA,1920,1080
task_20210615_Lab/2021-06-15-09-27-37.jpg,1208.064,198.396,1783.104,790.776,MESCHA,1920,1080
task_20210615_Lab/2021-06-15-09-27-41.jpg,633.024,810.108,1653.696,1080.0,MESCHA,1920,1080
task_20210615_Lab/2021-06-15-09-27-41.jpg,1215.744,188.784,1715.52,472.392,MESCHA,1920,1080
task_20210615_Lab/2021-06-15-09-27-51.jpg,1020.864,227.34,1495.488,460.836,MESCHA,1920,1080
task_20210615_Lab/2021-06-15-09-28-09.jpg,1213.824,196.452,1777.152,653.832,MESCHA,1920,1080
task_20210615_Lab/2021-06-15-09-28-13.jpg,1184.832,227.34,1599.744,499.392,MESCHA,1920,1080
task_20210615_Lab/2021-06-15-09-28-13.jpg,1229.184,325.728,1676.928,603.612,MESCHA,1920,1080
task_20210615_Lab/2021-06-15-09-28-13.jpg,1206.144,717.444,1678.848,1080.0,MESCHA,1920,1080
task_20210615_Lab/2021-06-15-09-28-35.jpg,1327.68,240.84,1651.776,705.888,MESCHA,1920,1080
task_20210615_Lab/2021-06-15-09-57-06.jpg,1219.584,275.616,1655.616,509.112,MESCHA,1920,1080
task_20210615_Lab/2021-06-15-09-57-06.jpg,1341.12,885.384,1920.0,1080.0,MESCHA,1920,1080
task_20210615_Lab/2021-06-15-09-57-10.jpg,1291.776,224.316,1759.488,481.572,MESCHA,1920,1080
task_20210615_Lab/2021-06-15-09-57-10.jpg,1061.76,1036.692,1767.936,1080.0,MESCHA,1920,1080
task_20210615_Lab/2021-06-15-09-57-19.jpg,1063.296,281.34,1425.984,769.608,MESCHA,1920,1080
task_20210615_Lab/2021-06-15-09-57-51.jpg,1132.8,236.952,1539.84,729.108,MESCHA,1920,1080
task_20210615_Lab/2021-06-15-09-57-55.jpg,908.928,285.228,1615.104,700.056,MESCHA,1920,1080
task_20210615_Lab/2021-06-15-09-58-11.jpg,1213.824,289.116,1732.8,709.776,MESCHA,1920,1080
task_20210615_Lab/2021-06-15-09-58-15.jpg,1485.888,223.452,1900.8,634.5,MESCHA,1920,1080
task_20210615_Lab/2021-06-15-09-58-45.jpg,1248.576,206.172,1702.08,503.28,MESCHA,1920,1080
task_20210615_Lab/2021-06-15-09-59-09.jpg,1445.376,242.784,1717.44,692.388,MESCHA,1920,1080
task_20210615_Lab/2021-06-15-09-59-57.jpg,1256.256,215.784,1705.92,848.664,MESCHA,1920,1080
task_20210615_Lab/2021-06-15-10-00-19.jpg,1157.76,310.284,1756.032,565.056,MESCHA,1920,1080
task_20210615_Lab/2021-06-15-10-00-35.jpg,1487.808,312.228,1848.576,617.112,MESCHA,1920,1080
task_20210615_Lab/2021-06-15-10-00-35.jpg,893.376,213.84,1271.616,617.112,MESCHA,1920,1080
task_20210615_Lab/2021-06-15-10-00-55.jpg,750.72,221.508,1157.76,462.78,MESCHA,1920,1080
task_20210615_Lab/2021-06-15-10-00-55.jpg,1325.76,275.616,1746.432,609.444,MESCHA,1920,1080
task_20210615_Lab/2021-06-15-10-00-59.jpg,1435.776,138.564,1900.8,609.444,MESCHA,1920,1080
task_20210615_Lab/2021-06-15-10-00-59.jpg,1011.264,244.728,1480.128,455.004,MESCHA,1920,1080
task_20210615_Lab/2021-06-15-10-01-31.jpg,1020.864,206.172,1524.48,441.504,MESCHA,1920,1080
task_20210615_Lab/2021-06-15-10-01-31.jpg,1206.144,331.56,1748.352,584.388,MESCHA,1920,1080
task_20210615_Lab/2021-06-15-10-01-44.jpg,1173.312,651.888,1719.36,1080.0,MESCHA,1920,1080
task_20210615_Lab/2021-06-15-10-01-44.jpg,1507.008,420.336,1906.56,985.716,MESCHA,1920,1080
task_20210615_Lab/2021-06-15-10-01-44.jpg,1310.208,211.896,1804.224,445.392,MESCHA,1920,1080
task_20210615_Lab/2021-06-15-10-01-48.jpg,1285.248,243.216,1920.0,650.7,MESCHA,1920,1080
task_20210615_Lab/2021-06-15-10-01-48.jpg,389.76,0.0,634.944,115.452,MESCHA,1920,1080
task_20210615_Lab/2021-06-15-10-01-48.jpg,943.68,186.84,1568.832,478.224,MESCHA,1920,1080
task_20210615_Lab/2021-06-15-10-01-52.jpg,1420.224,285.228,1642.176,497.448,MESCHA,1920,1080
task_20210615_Lab/2021-06-15-10-01-52.jpg,835.584,200.34,1238.784,530.28,MESCHA,1920,1080
task_20210615_Lab/2021-06-15-10-01-55.jpg,107.712,0.0,1686.912,1080.0,MESCHA,1920,1080
task_20210615_Lab/2021-06-15-10-01-55.jpg,1339.584,264.708,1649.856,526.392,MESCHA,1920,1080
task_20210615_Lab/2021-06-15-10-01-59.jpg,0.0,0.0,1775.04,1080.0,MESCHA,1920,1080
task_20210615_Lab/2021-06-15-10-02-04.jpg,1323.84,279.396,1788.864,655.776,MESCHA,1920,1080
task_20210615_Lab/2021-06-15-10-02-04.jpg,974.592,213.84,1530.24,445.392,MESCHA,1920,1080
task_20210615_Lab/2021-06-15-10-02-10.jpg,1263.936,285.228,1763.712,651.888,MESCHA,1920,1080
task_20210615_Lab/2021-06-15-10-02-14.jpg,1285.248,283.284,1808.064,651.888,MESCHA,1920,1080
task_20210615_Lab/2021-06-15-10-03-00.jpg,1109.568,233.172,1466.496,540.0,MESCHA,1920,1080
task_20210615_Lab/2021-06-15-10-03-13.jpg,727.488,221.508,1289.088,451.224,MESCHA,1920,1080
task_20210615_Lab/2021-06-15-10-03-13.jpg,1352.64,221.508,1719.36,532.224,MESCHA,1920,1080
task_20210615_Lab/2021-06-15-10-03-17.jpg,1159.68,211.896,1578.432,464.724,MESCHA,1920,1080
task_20210615_Lab/2021-06-15-10-03-37.jpg,692.736,182.952,1344.96,567.0,MESCHA,1920,1080
task_20210615_Lab/2021-06-15-10-03-54.jpg,1360.512,279.396,1713.6,644.112,MESCHA,1920,1080
task_20210615_Lab/2021-06-15-10-04-00.jpg,1304.448,298.728,1754.112,673.056,MESCHA,1920,1080
task_20210615_Lab/2021-06-15-10-04-14.jpg,1375.872,294.84,1757.952,680.832,MESCHA,1920,1080
task_20210615_Lab/2021-06-15-10-30-45.jpg,1271.232,697.032,1843.2,1080.0,MESCHA,1920,1080
task_20210615_Lab/2021-06-15-10-30-45.jpg,411.072,155.952,1015.104,541.836,MESCHA,1920,1080
task_20210615_Lab/2021-06-15-10-31-24.jpg,300.096,330.696,1267.968,1080.0,MESCHA,1920,1080
task_20210615_Lab/2021-06-15-10-31-33.jpg,1089.6,257.04,1791.168,979.56,MESCHA,1920,1080
task_20210615_Lab/2021-06-15-10-31-38.jpg,1204.224,254.34,1698.048,979.884,MESCHA,1920,1080
task_20210615_Lab/2021-06-15-10-31-43.jpg,1348.8,223.452,1725.12,512.892,MESCHA,1920,1080
task_20210615_Lab/2021-06-15-10-31-43.jpg,667.776,626.832,1454.976,1080.0,MESCHA,1920,1080
task_20210615_Lab/2021-06-15-10-32-37.jpg,492.096,192.672,1229.184,707.832,MESCHA,1920,1080
task_20210615_Lab/2021-06-15-10-33-14.jpg,646.464,209.952,1233.024,756.108,MESCHA,1920,1080
task_20210615_Lab/2021-06-15-10-33-19.jpg,1296.768,246.672,1499.328,482.112,MESCHA,1920,1080
task_20210615_Lab/2021-06-15-10-33-19.jpg,835.584,308.448,1163.712,688.5,MESCHA,1920,1080
task_20210615_Lab/2021-06-15-10-33-23.jpg,1213.824,223.452,1626.816,555.336,MESCHA,1920,1080
task_20210615_Lab/2021-06-15-10-33-36.jpg,1223.424,283.284,1725.12,692.388,MESCHA,1920,1080
task_20210615_Lab/2021-06-15-10-33-52.jpg,1350.72,291.06,1827.456,665.388,MESCHA,1920,1080
task_20210615_Lab/2021-06-15-10-34-06.jpg,1275.456,293.004,1829.376,669.276,MESCHA,1920,1080
task_20210615_Lab/2021-06-15-10-34-06.jpg,594.432,254.34,1127.04,783.108,MESCHA,1920,1080
task_20210615_Lab/2021-06-15-10-34-58.jpg,723.648,204.228,982.272,491.724,MESCHA,1920,1080
task_20210615_Lab/2021-06-15-10-34-58.jpg,1140.48,831.384,1920.0,1080.0,MESCHA,1920,1080
task_20210615_Lab/2021-06-15-10-35-41.jpg,1642.176,1003.104,1866.048,1080.0,MESCHA,1920,1080
task_20210615_Lab/2021-06-15-10-35-41.jpg,1263.936,179.064,1638.336,622.944,MESCHA,1920,1080
task_20210615_Lab/2021-06-15-10-35-45.jpg,1263.936,200.34,1819.776,495.612,MESCHA,1920,1080
task_20210615_Lab/2021-06-15-10-35-45.jpg,735.168,190.728,1138.56,568.944,MESCHA,1920,1080
task_20210615_Lab/2021-06-15-10-35-52.jpg,934.08,304.56,1644.096,692.388,MESCHA,1920,1080
task_20210615_Lab/2021-06-15-10-36-53.jpg,683.136,453.168,1620.864,1080.0,MESCHA,1920,1080
task_20210615_Lab/2021-06-15-10-36-58.jpg,1302.528,256.284,1769.472,576.612,MESCHA,1920,1080
task_20210615_Lab/2021-06-15-10-36-58.jpg,1425.984,904.608,1848.576,1080.0,MESCHA,1920,1080
task_20210615_Lab/2021-06-15-10-37-05.jpg,1215.36,256.392,1508.16,864.216,MESCHA,1920,1080
task_20210615_Lab/2021-06-15-10-37-05.jpg,1244.352,208.116,1771.776,386.64,MESCHA,1920,1080
task_20210615_Lab/2021-06-15-10-37-09.jpg,1127.04,190.728,1698.048,516.78,MESCHA,1920,1080
task_20210615_Lab/2021-06-15-10-37-09.jpg,991.872,279.396,1142.4,439.56,MESCHA,1920,1080
task_20210615_Lab/2021-06-15-10-37-13.jpg,931.968,182.736,1113.6,449.712,MESCHA,1920,1080
task_20210615_Lab/2021-06-15-10-37-13.jpg,1200.384,245.484,1829.184,475.416,MESCHA,1920,1080
task_20210615_Lab/2021-06-15-10-37-19.jpg,1231.68,270.54,1751.616,606.96,MESCHA,1920,1080
task_20210615_Lab/2021-06-15-10-37-19.jpg,938.304,255.42,1113.792,475.2,MESCHA,1920,1080
task_20210615_Lab/2021-06-15-10-37-19.jpg,1314.816,246.672,1536.0,438.696,MESCHA,1920,1080
task_20210615_Lab/2021-06-15-10-37-32.jpg,1299.456,209.412,1838.016,476.388,MESCHA,1920,1080
task_20210615_Lab/2021-06-15-10-37-32.jpg,738.24,239.976,1416.768,558.36,MESCHA,1920,1080
task_20210615_Lab/2021-06-15-10-37-35.jpg,1127.232,249.912,1522.944,430.056,MESCHA,1920,1080
task_20210615_Lab/2021-06-15-10-37-35.jpg,495.36,211.356,1157.952,539.46,MESCHA,1920,1080
task_20210615_Lab/2021-06-15-10-37-35.jpg,1152.96,283.716,1770.432,558.684,MESCHA,1920,1080
task_20210615_Lab/2021-06-15-10-37-40.jpg,1003.776,277.992,1514.304,468.18,MESCHA,1920,1080
task_20210615_Lab/2021-06-15-10-37-40.jpg,1435.2,272.592,1666.944,658.476,MESCHA,1920,1080
task_20210615_Lab/2021-06-15-10-37-44.jpg,454.656,186.408,1025.856,543.456,MESCHA,1920,1080
task_20210615_Lab/2021-06-15-10-37-44.jpg,1429.824,231.336,1920.0,569.052,MESCHA,1920,1080
task_20210615_Lab/2021-06-15-10-37-44.jpg,1135.104,225.936,1444.608,543.564,MESCHA,1920,1080
task_20210615_Lab/2021-06-15-10-38-29.jpg,908.544,220.104,1164.288,485.352,MESCHA,1920,1080
task_20210615_Lab/2021-06-15-10-38-33.jpg,1283.328,279.396,1599.744,717.444,MESCHA,1920,1080
task_20210615_Lab/2021-06-15-10-38-41.jpg,815.424,191.808,1047.744,464.292,MESCHA,1920,1080
task_20210615_Lab/2021-06-15-10-38-49.jpg,1301.376,201.204,1657.728,620.568,MESCHA,1920,1080
task_20210615_Lab/2021-06-15-10-38-52.jpg,1061.184,284.904,1475.52,661.284,MESCHA,1920,1080
task_20210615_Lab/2021-06-15-10-38-52.jpg,1234.176,250.344,1430.784,464.724,MESCHA,1920,1080
task_20210615_Lab/2021-06-15-10-38-56.jpg,1240.128,179.28,1714.752,497.556,MESCHA,1920,1080
task_20210615_Lab/2021-06-15-10-38-56.jpg,706.56,192.564,909.312,525.42,MESCHA,1920,1080
task_20210615_Lab/2021-06-15-10-39-00.jpg,539.904,257.472,946.368,693.036,MESCHA,1920,1080
task_20210615_Lab/2021-06-15-10-39-00.jpg,1112.448,255.852,1724.736,467.532,MESCHA,1920,1080
task_20210615_Lab/2021-06-15-10-39-05.jpg,1041.408,193.212,1466.88,464.508,MESCHA,1920,1080
task_20210615_Lab/2021-06-15-10-39-05.jpg,1367.424,310.392,1593.024,502.524,MESCHA,1920,1080
task_20210615_Lab/2021-06-15-10-39-10.jpg,1241.664,254.124,1480.704,509.004,MESCHA,1920,1080
task_20210615_Lab/2021-06-15-10-39-25.jpg,1281.024,276.696,1554.432,556.956,MESCHA,1920,1080
task_20210615_Lab/2021-06-15-10-39-41.jpg,1250.496,206.172,1661.376,632.556,MESCHA,1920,1080
task_20210615_Lab/2021-06-15-10-39-45.jpg,1084.416,248.616,1694.208,595.944,MESCHA,1920,1080
task_20210615_Lab/2021-06-15-10-39-49.jpg,1420.416,283.068,1708.416,616.68,MESCHA,1920,1080
task_20210615_Lab/2021-06-15-10-39-49.jpg,822.72,190.62,1042.368,458.568,MESCHA,1920,1080
task_20210615_Lab/2021-06-15-10-39-53.jpg,1094.208,278.748,1697.28,554.796,MESCHA,1920,1080
task_20210615_Lab/2021-06-15-10-39-53.jpg,760.704,88.452,1181.376,431.46,MESCHA,1920,1080
task_20210615_Lab/2021-06-15-10-39-57.jpg,1320.768,247.212,1615.296,531.792,MESCHA,1920,1080
task_20210615_Lab/2021-06-15-10-40-02.jpg,1189.056,240.732,1852.416,553.392,MESCHA,1920,1080
task_20210615_Lab/2021-06-15-10-40-02.jpg,928.512,665.388,1590.528,1080.0,MESCHA,1920,1080
task_20210615_Lab/2021-06-15-10-40-09.jpg,1137.024,244.296,1891.968,652.968,MESCHA,1920,1080
task_20210615_Lab/2021-06-15-10-40-09.jpg,1290.048,189.54,1738.944,494.424,MESCHA,1920,1080
task_20210615_Lab/2021-06-15-10-40-09.jpg,832.32,122.58,1282.176,458.676,MESCHA,1920,1080
task_20210615_Lab/2021-06-15-10-40-14.jpg,1231.104,347.004,1920.0,698.22,MESCHA,1920,1080
task_20210615_Lab/2021-06-15-10-40-14.jpg,1231.104,208.008,1715.52,397.116,MESCHA,1920,1080
task_20210615_Lab/2021-06-15-10-40-14.jpg,1153.92,599.724,1705.92,1080.0,MESCHA,1920,1080
task_20210615_Lab/2021-06-15-10-40-19.jpg,1126.272,196.776,1510.848,520.992,MESCHA,1920,1080
task_20210615_Lab/2021-06-15-10-40-23.jpg,1136.256,154.656,1536.96,519.156,MESCHA,1920,1080
task_20210615_Lab/2021-06-15-10-40-23.jpg,933.888,318.168,1296.96,793.8,MESCHA,1920,1080
task_20210615_Lab/2021-06-15-10-40-30.jpg,1372.8,283.068,1793.664,534.924,MESCHA,1920,1080
task_20210615_Lab/2021-06-15-10-40-30.jpg,914.496,241.488,1425.216,410.184,MESCHA,1920,1080
task_20210615_Lab/2021-06-15-10-40-30.jpg,1217.472,244.944,1504.896,872.1,MESCHA,1920,1080
task_20210615_Lab/2021-06-15-10-40-35.jpg,766.464,44.388,1185.792,446.364,MESCHA,1920,1080
task_20210615_Lab/2021-06-15-10-40-35.jpg,1188.864,192.132,1671.168,494.748,MESCHA,1920,1080
task_20210615_Lab/2021-06-15-10-41-07.jpg,1001.472,246.672,1618.944,655.776,MESCHA,1920,1080
task_20210615_Lab/2021-06-15-10-41-11.jpg,1146.24,281.34,1402.944,721.332,MESCHA,1920,1080
task_20210615_Lab/2021-06-15-10-41-16.jpg,1069.056,229.284,1401.024,615.168,MESCHA,1920,1080
task_20210615_Lab/2021-06-15-10-41-22.jpg,1099.968,179.064,1661.376,445.392,MESCHA,1920,1080
task_20210615_Lab/2021-06-15-10-43-56.jpg,897.408,254.34,1449.216,601.668,MESCHA,1920,1080
task_20210615_Lab/2021-06-15-10-44-22.jpg,1196.352,293.004,1819.776,763.776,MESCHA,1920,1080
task_20210615_Lab/2021-06-15-10-44-59.jpg,1330.752,232.416,1793.856,875.664,MESCHA,1920,1080
task_20210615_Lab/2021-06-15-10-44-59.jpg,795.072,213.84,1395.264,491.724,MESCHA,1920,1080
task_20210615_Lab/2021-06-15-10-45-10.jpg,955.2,181.008,1343.04,445.392,MESCHA,1920,1080
task_20210615_Lab/2021-06-15-10-45-20.jpg,1221.504,308.448,1613.184,665.388,MESCHA,1920,1080
task_20210615_Lab/2021-06-15-10-45-26.jpg,1275.456,254.34,1543.68,727.164,MESCHA,1920,1080
task_20210615_Lab/2021-06-15-10-45-39.jpg,895.68,256.392,1521.408,655.668,MESCHA,1920,1080
task_20210615_Lab/2021-06-15-10-45-44.jpg,1213.824,456.948,1916.16,1033.992,MESCHA,1920,1080
task_20210615_Lab/2021-06-15-10-45-55.jpg,1299.456,252.288,1524.48,446.148,MESCHA,1920,1080
task_20210615_Lab/2021-06-15-10-46-05.jpg,1002.048,257.472,1582.848,481.68,MESCHA,1920,1080
task_20210615_Lab/2021-06-15-10-46-25.jpg,1180.416,301.536,1821.504,569.592,MESCHA,1920,1080
task_20210615_Lab/2021-06-15-10-46-31.jpg,1043.52,213.84,1726.848,507.492,MESCHA,1920,1080
task_20210615_Lab/2021-06-15-10-47-54.jpg,1489.92,253.584,1746.624,674.568,MESCHA,1920,1080
task_20210615_Lab/2021-06-15-10-48-44.jpg,1026.432,192.996,1335.168,567.756,MESCHA,1920,1080
task_20210615_Lab/2021-06-15-10-50-13.jpg,799.872,596.16,1630.656,1080.0,MESCHA,1920,1080
task_20210615_Lab/2021-06-15-10-54-42.jpg,959.424,199.368,1451.712,473.904,MESCHA,1920,1080
task_20210615_Lab/2021-06-15-10-55-04.jpg,1447.296,246.672,1838.976,900.828,MESCHA,1920,1080
task_20210615_Lab/2021-06-15-10-55-13.jpg,1022.592,261.036,1561.92,563.652,MESCHA,1920,1080
task_20210615_Lab/2021-06-15-10-55-21.jpg,1335.36,281.664,1727.232,576.288,MESCHA,1920,1080
task_20210615_Lab/2021-06-15-10-55-35.jpg,1383.552,240.84,1640.256,567.0,MESCHA,1920,1080
task_20210615_Lab/2021-06-15-10-55-40.jpg,1123.008,665.388,1920.0,1080.0,MESCHA,1920,1080
task_20210615_Lab/2021-06-15-10-55-44.jpg,902.4,222.048,1500.096,590.544,MESCHA,1920,1080
task_20210615_Lab/2021-06-15-10-56-11.jpg,1494.144,896.724,1852.608,1080.0,MESCHA,1920,1080
task_20210615_Lab/2021-06-15-10-56-11.jpg,865.344,210.06,1075.968,547.776,MESCHA,1920,1080
task_20210615_Lab/2021-06-15-10-56-15.jpg,1256.256,686.664,1785.024,1070.604,MESCHA,1920,1080
task_20210615_Lab/2021-06-15-10-56-15.jpg,1142.4,204.228,1680.768,445.392,MESCHA,1920,1080
task_20210615_Lab/2021-06-15-10-56-39.jpg,1198.272,302.616,1827.456,524.556,MESCHA,1920,1080
task_20210615_Lab/2021-06-15-10-56-39.jpg,1202.304,188.784,1613.184,837.108,MESCHA,1920,1080
task_20210615_Lab/2021-06-15-10-56-44.jpg,1132.8,561.168,1920.0,1018.548,MESCHA,1920,1080
task_20210615_Lab/2021-06-15-10-56-44.jpg,1346.304,200.664,1791.168,447.228,MESCHA,1920,1080
task_20210615_Lab/2021-06-15-10-56-44.jpg,859.008,213.948,1095.36,462.456,MESCHA,1920,1080
task_20210615_Lab/2021-06-15-10-56-49.jpg,1142.4,281.34,1454.976,894.996,MESCHA,1920,1080
task_20210615_Lab/2021-06-15-10-57-02.jpg,1414.08,235.764,1679.424,557.388,MESCHA,1920,1080
task_20210615_Lab/2021-06-15-10-57-22.jpg,1188.672,227.34,1574.592,678.888,MESCHA,1920,1080
task_20210615_Lab/2021-06-15-10-57-33.jpg,990.336,303.048,1480.704,645.516,MESCHA,1920,1080
task_20210615_Lab/2021-06-15-10-57-33.jpg,1225.152,208.116,1419.648,438.048,MESCHA,1920,1080
task_20210615_Lab/2021-06-15-10-57-38.jpg,1481.088,261.036,1905.792,809.136,MESCHA,1920,1080
task_20210615_Lab/2021-06-15-10-57-38.jpg,1087.104,188.676,1593.6,405.756,MESCHA,1920,1080
task_20210615_Lab/2021-06-15-10-57-38.jpg,770.88,259.74,1332.288,562.572,MESCHA,1920,1080
task_20210615_Lab/2021-06-15-10-57-45.jpg,950.208,116.856,1526.4,509.544,MESCHA,1920,1080
task_20210615_Lab/2021-06-15-10-57-45.jpg,1389.696,257.58,1830.72,674.352,MESCHA,1920,1080
task_20210615_Lab/2021-06-15-10-57-50.jpg,1073.472,256.392,1748.736,521.748,MESCHA,1920,1080
task_20210615_Lab/2021-06-15-10-57-50.jpg,907.008,431.892,1508.928,1006.884,MESCHA,1920,1080
task_20210615_Lab/2021-06-15-10-57-54.jpg,1251.84,258.336,1763.328,430.38,MESCHA,1920,1080
task_20210615_Lab/2021-06-15-10-57-54.jpg,1096.128,696.276,1665.408,1080.0,MESCHA,1920,1080
task_20210615_Lab/2021-06-15-10-57-54.jpg,1223.232,232.632,1604.16,689.256,MESCHA,1920,1080
task_20210615_Lab/2021-06-15-10-58-19.jpg,862.656,163.62,1287.168,526.5,MESCHA,1920,1080
task_20210615_Lab/2021-06-15-10-58-28.jpg,565.44,302.616,1065.216,873.828,MESCHA,1920,1080
task_20210615_Lab/2021-06-15-10-58-28.jpg,1150.08,296.784,1759.872,649.944,MESCHA,1920,1080
task_20210615_Lab/2021-06-15-10-58-28.jpg,1275.456,213.84,1663.488,329.616,MESCHA,1920,1080
task_20210615_Lab/2021-06-15-10-58-32.jpg,671.616,549.612,1659.072,1080.0,MESCHA,1920,1080
task_20210615_Lab/2021-06-15-10-58-32.jpg,1169.472,325.728,1833.216,568.944,MESCHA,1920,1080
task_20210615_Lab/2021-06-15-10-59-24.jpg,1159.68,194.508,1580.352,684.72,MESCHA,1920,1080
task_20210615_Lab/2021-06-15-10-59-24.jpg,773.76,233.172,1127.04,565.056,MESCHA,1920,1080
task_20210615_Lab/2021-06-15-10-59-39.jpg,1331.52,254.34,1773.312,663.444,MESCHA,1920,1080
task_20210615_Lab/2021-06-15-10-59-44.jpg,1026.624,192.672,1360.512,536.112,MESCHA,1920,1080
task_20210615_Lab/2021-06-15-10-59-44.jpg,947.52,5.4,1242.816,316.116,MESCHA,1920,1080
task_20210615_Lab/2021-06-15-10-59-49.jpg,1161.6,223.452,1576.512,487.836,MESCHA,1920,1080
task_20210615_Lab/2021-06-15-11-00-01.jpg,1265.856,254.34,1676.928,543.78,MESCHA,1920,1080
task_20210615_Lab/2021-06-15-11-00-23.jpg,461.184,198.396,1244.736,648.0,MESCHA,1920,1080
task_20210615_Lab/2021-06-15-11-00-29.jpg,1242.816,171.396,1757.952,503.28,MESCHA,1920,1080
task_20210615_Lab/2021-06-15-11-00-29.jpg,841.344,208.008,1094.208,458.892,MESBLE,1920,1080
task_20210615_Lab/2021-06-15-11-00-36.jpg,1115.328,298.728,1817.856,574.668,MESCHA,1920,1080
task_20210615_Lab/2021-06-15-11-00-36.jpg,1306.368,171.396,1632.576,489.78,MESCHA,1920,1080
task_20210615_Lab/2021-06-15-11-00-41.jpg,1269.696,211.896,1617.024,377.892,MESCHA,1920,1080
task_20210615_Lab/2021-06-15-11-00-41.jpg,922.368,348.948,1692.288,686.664,MESCHA,1920,1080
task_20210615_Lab/2021-06-15-11-00-48.jpg,1208.064,333.504,1752.192,676.944,MESCHA,1920,1080
task_20210615_Lab/2021-06-15-11-00-48.jpg,1236.864,175.284,1493.568,553.5,MESCHA,1920,1080
task_20210615_Lab/2021-06-15-11-00-54.jpg,412.992,175.284,1032.384,619.056,MESCHA,1920,1080
task_20210615_Lab/2021-06-15-11-00-54.jpg,1155.84,281.34,1813.824,649.944,MESCHA,1920,1080
task_20210615_Lab/2021-06-15-11-01-54.jpg,1497.792,251.316,1738.56,661.176,MESCHA,1920,1080
task_20210615_Lab/2021-06-15-11-02-08.jpg,816.192,298.728,1574.592,648.0,MESCHA,1920,1080
task_20210615_Lab/2021-06-15-11-02-12.jpg,594.432,260.172,1294.848,636.444,MESCHA,1920,1080
task_20210615_Lab/2021-06-15-11-02-12.jpg,1362.432,157.896,1833.216,453.168,MESCHA,1920,1080
task_20210615_Lab/2021-06-15-11-02-17.jpg,957.12,235.116,1194.432,511.056,MESCHA,1920,1080
task_20210615_Lab/2021-06-15-11-02-17.jpg,1258.176,316.116,1669.248,682.776,MESCHA,1920,1080
task_20210615_Lab/2021-06-15-11-02-17.jpg,1310.208,196.452,1819.776,422.28,MESCHA,1920,1080
task_20210615_Lab/2021-06-15-11-02-21.jpg,1059.456,204.228,1310.208,429.948,MESCHA,1920,1080
task_20210615_Lab/2021-06-15-11-02-21.jpg,1250.496,308.448,1723.2,626.832,MESCHA,1920,1080
task_20210615_Lab/2021-06-15-11-02-21.jpg,1138.56,248.616,1611.264,401.004,MESCHA,1920,1080
task_20210615_Lab/2021-06-15-11-03-26.jpg,1353.216,250.344,1602.24,440.424,MESCHA,1920,1080
task_20210615_Lab/2021-06-15-11-03-35.jpg,868.416,265.896,1572.672,536.112,MESCHA,1920,1080
task_20210615_Lab/2021-06-15-11-03-45.jpg,1329.216,283.716,1634.88,996.84,MESCHA,1920,1080
task_20210615_Lab/2021-06-15-11-03-57.jpg,1281.408,227.34,1541.76,584.28,MESCHA,1920,1080
task_20210615_Lab/2021-06-15-11-04-05.jpg,740.928,190.728,1447.296,570.78,MESCHA,1920,1080
task_20210615_Lab/2021-06-15-11-04-13.jpg,1271.616,227.34,1713.6,485.892,MESCHA,1920,1080
task_20210615_Lab/2021-06-15-11-04-13.jpg,1173.312,298.728,1584.192,813.996,MESCHA,1920,1080
task_20210615_Lab/2021-06-15-11-04-18.jpg,1624.704,1024.272,1856.448,1080.0,MESCHA,1920,1080
task_20210615_Lab/2021-06-15-11-04-18.jpg,1320.0,267.84,1576.512,458.892,MESCHA,1920,1080
task_20210615_Lab/2021-06-15-11-04-18.jpg,1148.16,347.004,1646.016,840.996,MESCHA,1920,1080
task_20210615_Lab/2021-06-15-11-04-35.jpg,1038.144,254.34,1790.784,663.444,MESCHA,1920,1080
task_20210615_Lab/2021-06-15-11-04-35.jpg,1416.384,267.84,1920.0,503.28,MESCHA,1920,1080
task_20210615_Lab/2021-06-15-11-04-35.jpg,897.408,198.396,1304.448,435.78,MESCHA,1920,1080
task_20210615_Lab/2021-06-15-11-04-39.jpg,1136.64,238.896,1449.216,312.228,MESCHA,1920,1080
task_20210615_Lab/2021-06-15-11-04-39.jpg,1013.184,258.228,1692.288,538.056,MESCHA,1920,1080
task_20210615_Lab/2021-06-15-11-04-43.jpg,1011.264,812.052,1462.656,1080.0,MESCHA,1920,1080
task_20210615_Lab/2021-06-15-11-04-43.jpg,1281.408,449.28,1879.488,1080.0,MESCHA,1920,1080
task_20210615_Lab/2021-06-15-11-04-47.jpg,1327.68,617.112,1920.0,1080.0,MESCHA,1920,1080
task_20210615_Lab/2021-06-15-11-04-47.jpg,955.2,192.672,1499.328,458.892,MESCHA,1920,1080
task_20210615_Lab/2021-06-15-11-04-50.jpg,922.368,223.452,1493.568,460.836,MESCHA,1920,1080
task_20210615_Lab/2021-06-15-11-04-50.jpg,1163.712,314.172,1804.224,568.944,MESCHA,1920,1080
task_20210615_Lab/2021-06-15-11-05-12.jpg,1227.264,217.728,1485.888,667.332,MESCHA,1920,1080
task_20210615_Lab/2021-06-15-11-05-27.jpg,773.76,215.784,1007.232,503.28,MESCHA,1920,1080
task_20210615_Lab/2021-06-15-11-05-27.jpg,1092.288,213.84,1756.032,485.892,MESCHA,1920,1080
task_20210615_Lab/2021-06-15-11-05-31.jpg,575.04,162.54,1742.016,1080.0,MESCHA,1920,1080
task_20210615_Lab/2021-06-15-11-05-38.jpg,1470.336,337.392,1806.144,948.996,MESCHA,1920,1080
task_20210615_Lab/2021-06-15-11-05-38.jpg,852.864,148.284,1574.592,507.168,MESCHA,1920,1080
task_20210615_Lab/2021-06-15-11-05-38.jpg,1263.936,294.84,1443.456,561.168,MESCHA,1920,1080
task_20210615_Lab/2021-06-15-11-05-43.jpg,1117.248,233.172,1443.456,435.78,MESCHA,1920,1080
task_20210615_Lab/2021-06-15-11-05-43.jpg,1333.44,113.508,1748.352,507.168,MESCHA,1920,1080
task_20210615_Lab/2021-06-15-11-05-47.jpg,986.112,399.06,1748.352,873.828,MESCHA,1920,1080
task_20210615_Lab/2021-06-15-11-05-47.jpg,1312.128,242.784,1889.088,555.336,MESCHA,1920,1080
task_20210615_Lab/2021-06-15-11-05-51.jpg,972.672,283.284,1669.248,588.168,MESCHA,1920,1080
task_20210615_Lab/2021-06-15-11-06-12.jpg,949.44,252.396,1171.392,723.276,MESCHA,1920,1080
task_20210615_Lab/2021-06-15-11-06-12.jpg,802.752,227.34,1402.944,462.78,MESCHA,1920,1080
task_20210615_Lab/2021-06-15-11-06-12.jpg,1285.248,314.172,1821.696,619.056,MESCHA,1920,1080
task_20210615_Lab/2021-06-15-11-06-16.jpg,1344.384,264.492,1814.592,621.108,MESCHA,1920,1080
task_20210615_Lab/2021-06-15-11-06-21.jpg,1381.632,260.172,1835.136,547.668,MESCHA,1920,1080
task_20210615_Lab/2021-06-15-11-06-21.jpg,688.896,181.008,1209.984,458.892,MESCHA,1920,1080
task_20210615_Lab/2021-06-15-11-06-34.jpg,484.416,161.784,1165.632,653.832,MESCHA,1920,1080
task_20210615_Lab/2021-06-15-11-06-34.jpg,1252.416,236.952,1765.632,474.336,MESCHA,1920,1080
task_20210615_Lab/2021-06-15-11-06-38.jpg,1420.224,258.228,1609.344,458.892,MESCHA,1920,1080
task_20210615_Lab/2021-06-15-11-06-38.jpg,920.448,179.064,1478.208,709.776,MESCHA,1920,1080
task_20210615_Lab/2021-06-15-11-06-45.jpg,825.984,150.12,1296.768,509.112,MESCHA,1920,1080
task_20210615_Lab/2021-06-15-11-06-45.jpg,1325.76,198.396,1603.584,520.668,MESCHA,1920,1080
task_20210615_Lab/2021-06-15-11-06-45.jpg,1482.048,321.948,1831.296,592.056,MESCHA,1920,1080
task_20210615_Lab/2021-06-15-11-06-50.jpg,1420.224,265.896,1798.464,594.0,MESCHA,1920,1080
task_20210615_Lab/2021-06-15-11-06-50.jpg,1115.328,200.34,1373.952,395.28,MESCHA,1920,1080
task_20210615_Lab/2021-06-15-11-06-50.jpg,1142.4,215.784,1609.344,526.5,MESCHA,1920,1080
task_20210615_Lab/2021-06-15-11-06-59.jpg,1148.16,215.784,1485.888,549.612,MESCHA,1920,1080
task_20210615_Lab/2021-06-15-11-07-06.jpg,1085.184,166.212,1380.48,436.32,MESCHA,1920,1080
task_20210615_Lab/2021-06-15-11-07-06.jpg,547.968,248.616,960.96,605.556,MESCHA,1920,1080
task_20210615_Lab/2021-06-15-11-07-06.jpg,1503.936,193.212,1920.0,559.872,MESCHA,1920,1080
task_20210615_Lab/2021-06-15-11-07-27.jpg,1373.952,265.896,1613.184,541.836,MESCHA,1920,1080
task_20210615_Lab/2021-06-15-11-07-40.jpg,1275.264,207.36,1523.136,453.06,MESCHA,1920,1080
task_20210615_Lab/2021-06-15-11-07-40.jpg,687.744,771.768,1391.616,1080.0,MESCHA,1920,1080
task_20210615_Lab/2021-06-15-11-07-45.jpg,1269.696,238.896,1462.656,520.668,MESCHA,1920,1080
task_20210615_Lab/2021-06-15-11-07-45.jpg,1474.368,343.116,1757.952,565.056,MESCHA,1920,1080
task_20210615_Lab/2021-06-15-11-07-49.jpg,1534.08,310.284,1920.0,590.112,MESCHA,1920,1080
task_20210615_Lab/2021-06-15-11-07-49.jpg,1269.696,256.284,1439.616,526.5,MESCHA,1920,1080
task_20210615_Lab/2021-06-15-11-08-19.jpg,1248.576,300.672,1844.736,651.888,MESCHA,1920,1080
task_20210615_Lab/2021-06-15-11-08-32.jpg,706.56,271.62,1334.016,528.66,MESCHA,1920,1080
task_20210615_Lab/2021-06-15-11-08-32.jpg,1009.92,623.592,1598.016,1079.784,MESCHA,1920,1080
task_20210615_Lab/2021-06-15-11-08-40.jpg,1524.48,316.116,1756.032,609.444,MESCHA,1920,1080
task_20210615_Lab/2021-06-15-11-08-50.jpg,1117.248,123.12,1344.96,501.336,MESCHA,1920,1080
task_20210615_Lab/2021-06-15-11-09-37.jpg,561.6,246.672,1354.56,676.944,MESCHA,1920,1080
task_20210615_Lab/2021-06-15-11-09-47.jpg,1113.408,229.284,1416.384,437.724,MESCHA,1920,1080
task_20210615_Lab/2021-06-15-11-09-47.jpg,1271.616,260.172,1742.592,565.056,MESCHA,1920,1080
task_20210615_Lab/2021-06-15-11-10-21.jpg,1304.448,298.728,1640.256,935.496,MESCHA,1920,1080
task_20210615_Lab/2021-06-15-11-10-26.jpg,1174.08,258.66,1487.808,607.068,MESCHA,1920,1080
task_20210615_Lab/2021-06-15-11-11-34.jpg,1204.224,273.348,1729.536,522.612,MESCHA,1920,1080
task_20210615_Lab/2021-06-15-11-12-35.jpg,774.336,211.356,1257.984,522.18,MESCHA,1920,1080
task_20210615_Lab/2021-06-15-11-12-50.jpg,1217.664,262.116,1702.08,995.328,MESCHA,1920,1080
task_20210615_Lab/2021-06-15-11-13-37.jpg,926.208,269.784,1458.816,705.888,MESCHA,1920,1080
task_20210615_Lab/2021-06-15-11-13-43.jpg,802.752,246.672,1132.8,431.892,MESCHA,1920,1080
task_20210615_Lab/2021-06-15-11-13-43.jpg,584.64,431.892,1480.128,819.72,MESCHA,1920,1080
task_20210615_Lab/2021-06-15-13-15-38.jpg,1088.448,212.976,1638.336,446.148,MESCHA,1920,1080
task_20210615_Lab/2021-06-15-13-16-16.jpg,1146.24,360.504,1580.352,794.664,MESCHA,1920,1080
task_20210615_Lab/2021-06-15-13-17-38.jpg,466.944,215.784,1040.064,655.776,MESCHA,1920,1080
task_20210615_Lab/2021-06-15-13-17-42.jpg,1022.784,219.672,1518.72,487.836,MESCHA,1920,1080
task_20210615_Lab/2021-06-15-13-18-23.jpg,559.68,211.896,1275.456,690.444,MESCHA,1920,1080
task_20210615_Lab/2021-06-15-13-18-46.jpg,661.824,186.84,1302.528,561.168,MESCHA,1920,1080
task_20210615_Lab/2021-06-15-13-19-19.jpg,771.072,162.0,1424.256,476.928,MESCHA,1920,1080
task_20210615_Lab/2021-06-15-13-19-23.jpg,1162.368,229.176,1400.256,630.072,MESCHA,1920,1080
task_20210615_Lab/2021-06-15-13-20-11.jpg,1279.296,645.408,1631.424,1080.0,MESCHA,1920,1080
task_20210615_Lab/2021-06-15-13-20-15.jpg,1096.128,246.672,1773.312,592.056,MESCHA,1920,1080
task_20210615_Lab/2021-06-15-13-20-20.jpg,755.136,227.772,1493.376,612.036,MESCHA,1920,1080
task_20210615_Lab/2021-06-15-13-20-54.jpg,959.04,173.34,1593.984,480.168,MESCHA,1920,1080
task_20210615_Lab/2021-06-15-13-20-54.jpg,1211.904,1003.104,1489.728,1080.0,MESCHA,1920,1080
task_20210615_Lab/2021-06-15-13-21-48.jpg,1161.6,325.728,1642.176,719.388,MESCHA,1920,1080
task_20210615_Lab/2021-06-15-13-21-57.jpg,1052.544,189.972,1605.312,443.448,MESCHA,1920,1080
task_20210615_Lab/2021-06-15-13-22-02.jpg,1121.088,271.728,1738.56,555.336,MESCHA,1920,1080
task_20210615_Lab/2021-06-15-13-22-31.jpg,918.528,182.952,1451.136,472.392,MESCHA,1920,1080
task_20210615_Lab/2021-06-15-13-22-48.jpg,1289.088,281.34,1568.832,817.776,MESCHA,1920,1080
task_20210615_Lab/2021-06-15-13-22-56.jpg,1043.904,609.444,1809.984,1080.0,MESCHA,1920,1080
task_20210615_Lab/2021-06-15-13-24-14.jpg,750.72,275.832,1356.864,608.688,MESCHA,1920,1080
task_20210615_Lab/2021-06-15-13-24-19.jpg,773.76,296.784,1536.0,621.0,MESCHA,1920,1080
task_20210615_Lab/2021-06-15-13-25-52.jpg,1021.248,188.244,1495.488,516.348,MESCHA,1920,1080
task_20210615_Lab/2021-06-15-13-26-08.jpg,1049.856,190.728,1375.872,565.056,MESCHA,1920,1080
task_20210615_Lab/2021-06-15-13-27-20.jpg,698.496,547.668,1696.32,1080.0,MESCHA,1920,1080
task_20210615_Lab/2021-06-15-13-27-52.jpg,1342.272,252.072,1687.68,657.288,MESCHA,1920,1080
task_20210615_Lab/2021-06-15-13-29-15.jpg,457.344,235.116,1055.616,661.5,MESCHA,1920,1080
task_20210615_Lab/2021-06-15-13-32-47.jpg,1487.808,221.508,1707.84,532.224,MESCHA,1920,1080
task_20210615_Lab/2021-06-15-13-32-53.jpg,982.272,188.784,1227.264,507.168,MESCHA,1920,1080
task_20210615_Lab/2021-06-15-13-34-12.jpg,1215.744,248.616,1715.52,509.112,MESCHA,1920,1080
task_20210615_Lab/2021-06-15-13-34-20.jpg,910.848,219.672,1472.448,451.224,MESCHA,1920,1080
task_20210615_Lab/2021-06-15-13-34-20.jpg,1410.624,291.06,1647.936,615.168,MESCHA,1920,1080
task_20210615_Lab/2021-06-15-13-34-45.jpg,1134.72,194.508,1456.896,445.392,MESCHA,1920,1080
task_20210615_Lab/2021-06-15-13-35-31.jpg,555.84,146.34,1323.84,692.388,MESCHA,1920,1080
task_20210615_Lab/2021-06-15-13-36-57.jpg,1337.28,240.84,1607.424,563.112,MESCHA,1920,1080
task_20210615_Lab/2021-06-15-13-37-12.jpg,1177.152,300.672,1618.944,601.668,MESCHA,1920,1080
task_20210615_Lab/2021-06-15-13-37-17.jpg,1373.952,208.008,1539.84,516.78,MESCHA,1920,1080
task_20210615_Lab/2021-06-15-13-37-17.jpg,926.208,293.004,1586.304,790.776,MESCHA,1920,1080
task_20210615_Lab/2021-06-15-13-37-24.jpg,914.688,283.284,1831.296,835.164,MESCHA,1920,1080
task_20210615_Lab/2021-06-15-13-37-24.jpg,1155.84,306.504,1785.024,592.056,MESCHA,1920,1080
task_20210615_Lab/2021-06-15-13-37-32.jpg,1082.496,209.952,1428.096,520.668,MESCHA,1920,1080
task_20210615_Lab/2021-06-15-13-37-49.jpg,1217.664,362.448,1779.264,912.384,MESCHA,1920,1080
task_20210615_Lab/2021-06-15-13-38-24.jpg,1352.64,352.728,1624.704,752.22,MESBLE,1920,1080
task_20210615_Lab/2021-06-15-13-38-28.jpg,1325.76,238.896,1536.0,549.612,MESCHA,1920,1080
task_20210615_Lab/2021-06-15-13-38-33.jpg,843.264,229.284,1593.984,603.612,MESCHA,1920,1080
task_20210615_Lab/2021-06-15-13-38-33.jpg,1281.408,258.228,1454.976,443.448,MESCHA,1920,1080
task_20210615_Lab/2021-06-15-13-38-38.jpg,1175.232,209.952,1837.056,514.836,MESCHA,1920,1080
task_20210615_Lab/2021-06-15-13-38-38.jpg,876.096,190.728,1238.784,447.336,MESCHA,1920,1080
task_20210615_Lab/2021-06-15-13-38-43.jpg,1096.128,209.952,1234.944,549.612,MESCHA,1920,1080
task_20210615_Lab/2021-06-15-13-38-43.jpg,1022.784,236.952,1644.096,561.168,MESCHA,1920,1080
task_20210615_Lab/2021-06-15-13-38-49.jpg,1289.088,159.84,1655.616,518.724,MESCHA,1920,1080
task_20210615_Lab/2021-06-15-13-38-49.jpg,993.792,233.172,1337.28,435.78,MESCHA,1920,1080
task_20210615_Lab/2021-06-15-13-38-53.jpg,1069.056,221.508,1505.088,483.948,MESCHA,1920,1080
task_20210615_Lab/2021-06-15-13-38-57.jpg,1169.472,306.504,1441.536,827.496,MESBLE,1920,1080
task_20210615_Lab/2021-06-15-13-39-18.jpg,1018.944,225.396,1528.32,458.892,MESCHA,1920,1080
task_20210615_Lab/2021-06-15-13-39-26.jpg,988.032,179.064,1341.12,431.892,MESCHA,1920,1080
task_20210615_Lab/2021-06-15-13-39-26.jpg,1320.0,165.564,1779.264,619.056,MESCHA,1920,1080
task_20210615_Lab/2021-06-15-13-39-39.jpg,856.704,267.84,1208.064,754.164,MESCHA,1920,1080
task_20210615_Lab/2021-06-15-13-39-39.jpg,1244.736,209.952,1717.44,509.112,MESCHA,1920,1080
task_20210615_Lab/2021-06-15-13-39-39.jpg,964.8,165.564,1179.072,428.004,MESCHA,1920,1080
task_20210615_Lab/2021-06-15-13-39-56.jpg,1169.472,127.008,1576.512,443.448,MESCHA,1920,1080
task_20210615_Lab/2021-06-15-13-39-56.jpg,1453.056,312.228,1757.952,738.72,MESCHA,1920,1080
task_20210615_Lab/2021-06-15-13-40-23.jpg,1022.784,188.784,1528.32,480.168,MESCHA,1920,1080
task_20210615_Lab/2021-06-15-13-40-34.jpg,1333.44,192.672,1862.208,503.28,MESCHA,1920,1080
task_20210615_Lab/2021-06-15-13-40-38.jpg,1123.008,352.728,1790.784,707.832,MESCHA,1920,1080
task_20210615_Lab/2021-06-15-13-41-00.jpg,1402.944,304.56,1808.064,877.608,MESCHA,1920,1080
task_20210615_Lab/2021-06-15-13-41-05.jpg,1007.232,217.728,1520.64,453.168,MESCHA,1920,1080
task_20210615_Lab/2021-06-15-13-41-16.jpg,1094.208,177.228,1630.656,483.948,MESCHA,1920,1080
task_20210615_Lab/2021-06-15-13-41-16.jpg,588.672,744.552,1684.608,1080.0,MESCHA,1920,1080
task_20210615_Lab/2021-06-15-13-41-30.jpg,831.744,597.888,1723.2,1080.0,MESCHA,1920,1080
task_20210615_Lab/2021-06-15-13-41-57.jpg,897.408,335.448,1366.272,669.276,MESCHA,1920,1080
task_20210615_Lab/2021-06-15-13-42-10.jpg,878.016,308.448,1578.432,644.112,MESCHA,1920,1080
task_20210615_Lab/2021-06-15-13-42-16.jpg,735.36,238.14,1219.776,506.412,MESCHA,1920,1080
task_20210615_Lab/2021-06-15-13-42-16.jpg,1215.744,854.496,1920.0,1080.0,MESCHA,1920,1080
task_20210615_Lab/2021-06-15-13-43-13.jpg,874.176,180.684,1206.912,453.6,MESCHA,1920,1080
task_20210615_Lab/2021-06-15-13-43-27.jpg,1105.728,238.896,1491.648,692.388,MESCHA,1920,1080
task_20210615_Lab/2021-06-15-13-43-34.jpg,1304.448,265.896,1684.608,688.5,MESCHA,1920,1080
task_20210615_Lab/2021-06-15-13-43-40.jpg,1216.896,285.984,1390.464,489.78,MESCHA,1920,1080
task_20210615_Lab/2021-06-15-13-43-40.jpg,1237.632,299.916,1582.656,1080.0,MESCHA,1920,1080
task_20210615_Lab/2021-06-15-13-44-16.jpg,727.488,686.664,1738.56,1080.0,MESCHA,1920,1080
task_20210615_Lab/2021-06-15-13-44-41.jpg,524.928,144.396,1117.248,613.332,MESCHA,1920,1080
task_20210615_Lab/2021-06-15-13-45-25.jpg,607.872,188.784,1211.904,729.108,MESCHA,1920,1080
task_20210615_Lab/2021-06-15-13-45-51.jpg,1099.968,231.228,1698.048,568.944,MESCHA,1920,1080
task_20210615_Lab/2021-06-15-13-46-00.jpg,1155.84,277.56,1539.84,717.444,MESCHA,1920,1080
task_20210615_Lab/2021-06-15-13-46-05.jpg,1238.784,335.448,1920.0,662.688,MESCHA,1920,1080
task_20210615_Lab/2021-06-15-13-46-05.jpg,1084.416,265.896,1636.416,395.28,MESCHA,1920,1080
task_20210615_Lab/2021-06-15-13-46-10.jpg,918.528,161.784,1204.224,491.724,MESCHA,1920,1080
task_20210615_Lab/2021-06-15-13-46-34.jpg,1310.208,211.896,1638.336,491.724,MESCHA,1920,1080
task_20210615_Lab/2021-06-15-13-46-34.jpg,1063.296,318.06,1315.968,758.052,MESCHA,1920,1080
task_20210615_Lab/2021-06-15-13-46-38.jpg,879.936,0.0,1026.624,152.064,MESCHA,1920,1080
task_20210615_Lab/2021-06-15-13-46-38.jpg,910.848,356.616,1563.072,748.332,MESCHA,1920,1080
task_20210615_Lab/2021-06-15-13-46-59.jpg,1391.232,204.228,1811.904,756.108,MESCHA,1920,1080
task_20210615_Lab/2021-06-15-13-47-05.jpg,1267.776,235.116,1669.248,540.0,MESCHA,1920,1080
task_20210615_Lab/2021-06-15-13-47-05.jpg,791.232,281.34,1177.152,742.608,MESCHA,1920,1080
task_20210615_Lab/2021-06-15-13-47-15.jpg,710.208,339.228,1175.232,893.052,MESCHA,1920,1080
task_20210615_Lab/2021-06-15-13-47-15.jpg,1238.784,177.228,1618.944,478.224,MESCHA,1920,1080
task_20210615_Lab/2021-06-15-13-47-19.jpg,1246.656,196.452,1534.08,505.224,MESCHA,1920,1080
task_20210615_Lab/2021-06-15-13-47-19.jpg,671.616,617.112,1690.752,1080.0,MESCHA,1920,1080
task_20210615_Lab/2021-06-15-13-47-26.jpg,1414.464,275.616,1763.712,507.168,MESCHA,1920,1080
task_20210615_Lab/2021-06-15-13-47-26.jpg,676.8,196.236,1132.416,540.54,MESCHA,1920,1080
task_20210615_Lab/2021-06-15-13-47-36.jpg,816.96,155.844,1340.928,509.652,MESCHA,1920,1080
task_20210615_Lab/2021-06-15-13-47-36.jpg,1308.288,267.84,1657.536,487.836,MESCHA,1920,1080
task_20210615_Lab/2021-06-15-13-47-42.jpg,667.776,208.008,1001.472,485.892,MESCHA,1920,1080
task_20210615_Lab/2021-06-15-13-47-42.jpg,1372.032,310.284,1732.8,698.22,MESCHA,1920,1080
task_20210615_Lab/2021-06-15-13-47-50.jpg,1262.016,238.896,1763.712,983.772,MESCHA,1920,1080
task_20210615_Lab/2021-06-15-13-47-55.jpg,1049.856,213.84,1555.392,449.28,MESCHA,1920,1080
task_20210615_Lab/2021-06-15-13-47-55.jpg,1491.648,289.116,1756.032,648.0,MESCHA,1920,1080
task_20210615_Lab/2021-06-15-13-48-23.jpg,1269.696,198.396,1833.216,474.336,MESCHA,1920,1080
task_20210615_Lab/2021-06-15-13-48-23.jpg,922.368,603.612,1472.448,1080.0,MESCHA,1920,1080
task_20210615_Lab/2021-06-15-13-48-28.jpg,1244.736,264.06,1769.472,453.168,MESCHA,1920,1080
task_20210615_Lab/2021-06-15-13-48-28.jpg,448.32,110.484,1911.744,1080.0,MESCHA,1920,1080
task_20210615_Lab/2021-06-15-13-48-32.jpg,1454.976,279.504,1704.96,508.788,MESCHA,1920,1080
task_20210615_Lab/2021-06-15-13-48-32.jpg,550.08,27.432,1920.0,1080.0,MESCHA,1920,1080
task_20210615_Lab/2021-06-15-13-48-36.jpg,1242.816,277.56,1572.672,659.556,MESCHA,1920,1080
task_20210615_Lab/2021-06-15-13-48-36.jpg,1171.776,917.028,1769.088,1080.0,MESCHA,1920,1080
task_20210615_Lab/2021-06-15-13-48-42.jpg,1165.632,225.396,1487.808,441.504,MESCHA,1920,1080
task_20210615_Lab/2021-06-15-13-48-42.jpg,1250.496,154.008,1833.216,532.224,MESCHA,1920,1080
task_20210615_Lab/2021-06-15-13-48-42.jpg,1225.344,347.004,1651.776,974.16,MESCHA,1920,1080
task_20210615_Lab/2021-06-15-13-49-07.jpg,657.984,202.284,1294.848,551.556,MESCHA,1920,1080
task_20210615_Lab/2021-06-15-13-49-24.jpg,422.592,177.228,1117.248,638.388,MESCHA,1920,1080
task_20210615_Lab/2021-06-15-13-49-29.jpg,1070.976,244.728,1505.088,576.612,MESBLE,1920,1080
task_20210615_Lab/2021-06-15-13-49-33.jpg,1265.856,240.84,1605.504,649.944,MESCHA,1920,1080
task_20210615_Lab/2021-06-15-13-50-18.jpg,1356.672,206.172,1754.112,485.892,MESCHA,1920,1080
task_20210615_Lab/2021-06-15-13-50-18.jpg,1329.6,248.616,1644.096,839.052,MESCHA,1920,1080
task_20210615_Lab/2021-06-15-13-50-22.jpg,1304.448,144.396,1738.56,522.612,MESCHA,1920,1080
task_20210615_Lab/2021-06-15-13-50-22.jpg,850.944,229.284,1323.84,474.336,MESCHA,1920,1080
task_20210615_Lab/2021-06-15-13-50-31.jpg,434.304,204.228,1015.104,642.276,MESCHA,1920,1080
task_20210615_Lab/2021-06-15-13-51-21.jpg,1379.712,242.784,1802.304,555.336,MESCHA,1920,1080
task_20210615_Lab/2021-06-15-13-51-21.jpg,441.984,184.896,980.352,557.28,MESCHA,1920,1080
task_20210615_Lab/2021-06-15-13-51-56.jpg,1011.264,190.728,1283.328,428.004,MESCHA,1920,1080
task_20210615_Lab/2021-06-15-13-51-56.jpg,1105.728,254.34,1728.96,594.0,MESCHA,1920,1080
task_20210615_Lab/2021-06-15-13-52-15.jpg,1119.168,279.396,1808.064,642.276,MESCHA,1920,1080
task_20210615_Lab/2021-06-15-13-52-20.jpg,1300.608,221.508,1549.632,468.612,MESCHA,1920,1080
task_20210615_Lab/2021-06-15-13-52-30.jpg,955.2,277.56,1177.152,590.112,MESCHA,1920,1080
task_20210615_Lab/2021-06-15-13-53-01.jpg,1223.424,225.396,1715.52,514.836,MESCHA,1920,1080
task_20210615_Lab/2021-06-15-13-53-19.jpg,384.0,194.508,903.168,648.0,MESCHA,1920,1080
task_20210615_Lab/2021-06-15-13-53-19.jpg,1412.544,262.116,1783.104,545.724,MESCHA,1920,1080
task_20210615_Lab/2021-06-15-13-53-50.jpg,1177.152,275.616,1470.336,451.224,MESCHA,1920,1080
task_20210615_Lab/2021-06-15-13-53-50.jpg,1244.736,246.672,1838.976,540.0,MESCHA,1920,1080
task_20210615_Lab/2021-06-15-13-54-37.jpg,727.488,140.508,1107.648,470.448,MESCHA,1920,1080
task_20210615_Lab/2021-06-15-13-54-42.jpg,1119.168,163.62,1669.248,485.892,MESCHA,1920,1080
task_20210615_Lab/2021-06-15-13-55-01.jpg,1011.264,188.784,1507.008,590.112,MESCHA,1920,1080
task_20210615_Lab/2021-06-15-13-55-13.jpg,1318.08,208.008,1686.528,592.056,MESCHA,1920,1080
task_20210615_Lab/2021-06-15-13-55-13.jpg,920.448,505.224,1526.4,1080.0,MESCHA,1920,1080
task_20210615_Lab/2021-06-15-13-55-58.jpg,611.712,184.896,750.72,312.228,MESCHA,1920,1080
task_20210615_Lab/2021-06-15-13-55-58.jpg,1115.328,225.396,1785.024,520.668,MESCHA,1920,1080
task_20210615_Lab/2021-06-15-13-56-03.jpg,1078.656,287.172,1728.96,605.556,MESCHA,1920,1080
task_20210615_Lab/2021-06-15-13-56-07.jpg,1182.912,705.888,1549.44,1080.0,MESCHA,1920,1080
task_20210615_Lab/2021-06-15-13-56-19.jpg,1219.584,318.06,1709.76,759.888,MESCHA,1920,1080
task_20210615_Lab/2021-06-15-13-57-10.jpg,1318.08,252.396,1580.352,651.888,MESCHA,1920,1080
task_20210615_Lab/2021-06-15-13-57-21.jpg,1186.752,273.672,1437.696,655.776,MESCHA,1920,1080
task_20210615_Lab/2021-06-15-13-57-43.jpg,903.168,269.784,1420.224,568.944,MESCHA,1920,1080
task_20210615_Lab/2021-06-15-13-57-51.jpg,937.92,229.284,1451.136,559.224,MESCHA,1920,1080
task_20210615_Lab/2021-06-15-13-58-01.jpg,1142.4,267.84,1624.704,673.056,MESCHA,1920,1080
task_20210615_Lab/2021-06-15-13-58-09.jpg,993.792,250.56,1352.64,752.22,MESCHA,1920,1080
task_20210615_Lab/2021-06-15-13-58-20.jpg,818.112,258.228,1366.272,514.836,MESCHA,1920,1080
task_20210615_Lab/2021-06-15-13-58-24.jpg,1177.152,300.672,1489.728,1047.492,MESCHA,1920,1080
task_20210615_Lab/2021-06-15-13-58-24.jpg,1043.904,225.396,1236.864,431.892,MESCHA,1920,1080
task_20210615_Lab/2021-06-15-13-58-40.jpg,1186.752,287.172,1748.352,675.0,MESCHA,1920,1080
task_20210615_Lab/2021-06-15-13-58-53.jpg,1231.104,200.34,1649.856,781.164,MESCHA,1920,1080
task_20210615_Lab/2021-06-15-13-59-00.jpg,1227.264,318.06,1595.904,736.776,MESCHA,1920,1080
task_20210615_Lab/2021-06-15-13-59-04.jpg,1070.976,291.06,1655.616,740.664,MESCHA,1920,1080
task_20210615_Lab/2021-06-15-13-59-08.jpg,1302.528,250.56,1630.656,721.332,MESCHA,1920,1080
task_20210615_Lab/2021-06-15-13-59-14.jpg,735.168,364.392,1458.816,721.332,MESCHA,1920,1080
task_20210615_Lab/2021-06-15-13-59-27.jpg,1167.552,265.896,1516.8,812.052,MESCHA,1920,1080
task_20210615_Lab/2021-06-15-13-59-34.jpg,1136.64,314.172,1476.288,746.388,MESCHA,1920,1080
task_20210615_Lab/2021-06-15-13-59-38.jpg,768.768,812.808,1792.32,1080.0,MESCHA,1920,1080
task_20210615_Lab/2021-06-15-13-59-49.jpg,1325.76,217.728,1584.192,580.5,MESCHA,1920,1080
task_20210615_Lab/2021-06-15-14-00-19.jpg,1406.784,250.56,1682.688,655.776,MESCHA,1920,1080
task_20210615_Lab/2021-06-15-14-00-47.jpg,1456.896,254.34,1709.76,640.332,MESCHA,1920,1080
task_20210615_Lab/2021-06-15-14-04-50.jpg,1343.04,277.56,1620.864,632.556,MESCHA,1920,1080
task_20210615_Lab/2021-06-15-14-04-55.jpg,822.144,171.396,1451.136,491.724,MESCHA,1920,1080
task_20210615_Lab/2021-06-15-14-05-05.jpg,1233.024,231.228,1536.0,449.28,MESCHA,1920,1080
task_20210615_Lab/2021-06-15-14-05-05.jpg,1161.6,269.784,1420.224,858.276,MESCHA,1920,1080
task_20210615_Lab/2021-06-15-14-05-17.jpg,1119.168,242.784,1536.0,925.884,MESCHA,1920,1080
task_20210615_Lab/2021-06-15-14-05-17.jpg,1339.2,304.56,1831.296,524.556,MESCHA,1920,1080
task_20210615_Lab/2021-06-15-14-05-32.jpg,1424.064,254.34,1702.08,511.056,MESCHA,1920,1080
task_20210615_Lab/2021-06-15-14-05-32.jpg,480.576,240.84,1080.576,632.556,MESCHA,1920,1080
task_20210615_Lab/2021-06-15-14-05-37.jpg,849.024,181.008,1418.304,561.168,MESCHA,1920,1080
task_20210615_Lab/2021-06-15-14-05-42.jpg,1354.56,229.284,1833.216,665.388,MESCHA,1920,1080
task_20210615_Lab/2021-06-15-14-06-00.jpg,1161.6,289.116,1808.064,572.724,MESCHA,1920,1080
task_20210615_Lab/2021-06-15-14-06-11.jpg,1358.592,264.06,1636.416,613.332,MESCHA,1920,1080
task_20210615_Lab/2021-06-15-14-06-14.jpg,868.416,267.84,1069.056,451.224,MESCHA,1920,1080
task_20210615_Lab/2021-06-15-14-06-14.jpg,692.736,321.948,1399.104,819.72,MESCHA,1920,1080
task_20210615_Lab/2021-06-15-14-06-47.jpg,934.08,173.34,1466.496,516.78,MESCHA,1920,1080
task_20210615_Lab/2021-06-15-14-07-16.jpg,1196.352,217.728,1831.296,516.78,MESCHA,1920,1080
task_20210615_Lab/2021-06-15-14-07-26.jpg,1462.656,223.452,1775.232,609.444,MESCHA,1920,1080
task_20210615_Lab/2021-06-15-14-07-31.jpg,1127.04,194.508,1370.112,433.836,MESCHA,1920,1080
task_20210615_Lab/2021-06-15-14-07-31.jpg,1227.264,265.896,1813.824,456.948,MESCHA,1920,1080
task_20210615_Lab/2021-06-15-14-07-31.jpg,1329.6,277.56,1618.944,997.272,MESCHA,1920,1080
task_20210615_Lab/2021-06-15-14-07-36.jpg,1028.544,167.508,1474.368,511.056,MESCHA,1920,1080
task_20210615_Lab/2021-06-15-14-08-05.jpg,1360.512,267.84,1655.616,572.724,MESCHA,1920,1080
task_20210615_Lab/2021-06-15-14-08-33.jpg,1171.392,306.504,1767.552,563.112,MESCHA,1920,1080
task_20210615_Lab/2021-06-15-14-08-33.jpg,1254.336,196.452,1669.248,414.504,MESCHA,1920,1080
task_20210615_Lab/2021-06-15-14-08-42.jpg,889.536,219.672,1267.776,456.948,MESCHA,1920,1080
task_20210615_Lab/2021-06-15-14-08-42.jpg,1211.904,269.784,1622.784,1003.104,MESCHA,1920,1080
task_20210615_Lab/2021-06-15-14-08-47.jpg,1198.272,246.672,1740.672,555.336,MESCHA,1920,1080
task_20210615_Lab/2021-06-15-14-09-05.jpg,1007.232,312.228,1657.536,624.888,MESCHA,1920,1080
task_20210615_Lab/2021-06-15-14-09-05.jpg,1263.936,208.008,1838.976,458.892,MESCHA,1920,1080
task_20210615_Lab/2021-06-15-14-09-09.jpg,1406.784,308.448,1721.28,806.22,MESCHA,1920,1080
task_20210615_Lab/2021-06-15-14-09-38.jpg,858.048,160.812,1208.064,444.312,MESCHA,1920,1080
task_20210615_Lab/2021-06-15-14-09-38.jpg,1210.944,191.376,1758.336,536.004,MESCHA,1920,1080
task_20210615_Lab/2021-06-15-14-09-38.jpg,1073.088,731.268,1920.0,1080.0,MESCHA,1920,1080
task_20210615_Lab/2021-06-15-15-43-45.jpg,924.288,190.728,1439.616,447.336,MESCHA,1920,1080
task_20210615_Lab/2021-06-15-15-44-11.jpg,997.632,225.396,1684.608,590.112,MESCHA,1920,1080
task_20210615_Lab/2021-06-15-15-45-01.jpg,1364.352,389.448,1632.576,694.332,MESBLE,1920,1080
task_20210615_Lab/2021-06-15-15-45-13.jpg,1234.944,227.34,1597.824,516.78,MESCHA,1920,1080
task_20210615_Lab/2021-06-15-15-45-39.jpg,789.312,300.672,1304.448,582.444,MESBLE,1920,1080
task_20210615_Lab/2021-06-15-15-45-44.jpg,874.176,175.284,1410.624,514.836,MESCHA,1920,1080
task_20210615_Lab/2021-06-15-15-45-54.jpg,812.352,188.784,1379.712,545.724,MESCHA,1920,1080
task_20210615_Lab/2021-06-15-15-46-12.jpg,1158.72,209.952,1728.0,532.224,MESCHA,1920,1080
task_20210615_Lab/2021-06-15-15-46-39.jpg,1182.912,277.56,1676.928,526.5,MESCHA,1920,1080
task_20210615_Lab/2021-06-15-15-47-03.jpg,1243.392,15.66,1920.0,1080.0,MESCHA,1920,1080
task_20210615_Lab/2021-06-15-15-47-03.jpg,768.0,0.0,1337.28,553.5,MESCHA,1920,1080
task_20210615_Lab/2021-06-15-15-47-09.jpg,1416.384,244.728,1835.136,651.888,MESCHA,1920,1080
task_20210615_Lab/2021-06-15-15-47-13.jpg,876.096,182.952,1439.616,466.668,MESCHA,1920,1080
task_20210615_Lab/2021-06-15-15-47-48.jpg,887.616,155.952,1460.736,485.892,MESCHA,1920,1080
task_20210615_Lab/2021-06-15-15-48-24.jpg,1211.904,240.84,1620.864,694.332,MESCHA,1920,1080
task_20210615_Lab/2021-06-15-15-48-42.jpg,1173.312,250.56,1665.408,694.332,MESCHA,1920,1080
task_20210615_Lab/2021-06-15-15-48-47.jpg,1039.872,273.132,1709.568,703.404,MESCHA,1920,1080
task_20210615_Lab/2021-06-15-15-49-01.jpg,1254.336,289.116,1806.144,734.832,MESCHA,1920,1080
task_20210615_Lab/2021-06-15-15-49-07.jpg,875.712,138.564,1411.2,516.456,MESCHA,1920,1080
task_20210615_Lab/2021-06-15-15-49-20.jpg,880.512,698.652,1626.048,1080.0,MESCHA,1920,1080
task_20210615_Lab/2021-06-15-15-49-20.jpg,733.056,180.036,1230.336,469.044,MESCHA,1920,1080
task_20210615_Lab/2021-06-15-15-49-26.jpg,1240.704,235.116,1754.112,590.112,MESCHA,1920,1080
task_20210615_Lab/2021-06-15-15-49-39.jpg,1175.232,372.06,1796.544,908.496,MESCHA,1920,1080
task_20210615_Lab/2021-06-15-15-49-43.jpg,1257.408,290.304,1714.368,692.28,MESCHA,1920,1080
task_20210615_Lab/2021-06-15-15-49-51.jpg,1178.304,313.092,1654.08,695.088,MESCHA,1920,1080
task_20210615_Lab/2021-06-15-15-50-02.jpg,1082.496,246.672,1756.032,1039.716,MESCHA,1920,1080
task_20210615_Lab/2021-06-15-15-50-11.jpg,805.056,206.064,1341.12,500.904,MESCHA,1920,1080
task_20210615_Lab/2021-06-15-15-50-25.jpg,926.208,173.124,1537.344,520.452,MESCHA,1920,1080
task_20210615_Lab/2021-06-15-15-50-39.jpg,1279.296,260.172,1920.0,732.888,MESCHA,1920,1080
task_20210615_Lab/2021-06-15-15-50-45.jpg,1018.944,98.064,1439.616,873.828,MESCHA,1920,1080
task_20210615_Lab/2021-06-15-15-51-02.jpg,781.44,223.668,1439.424,554.688,MESCHA,1920,1080
task_20210615_Lab/2021-06-15-15-51-12.jpg,1020.864,507.168,1696.128,1080.0,MESCHA,1920,1080
task_20210615_Lab/2021-06-15-15-51-23.jpg,1120.128,292.572,1388.544,615.816,MESCHA,1920,1080
task_20210615_Lab/2021-06-15-15-51-27.jpg,843.264,225.396,1468.416,485.892,MESCHA,1920,1080
task_20210615_Lab/2021-06-15-15-52-26.jpg,1088.448,167.508,1318.08,574.668,MESCHA,1920,1080
task_20210615_Lab/2021-06-15-15-53-00.jpg,567.36,169.452,1250.496,644.112,MESCHA,1920,1080
task_20210615_Lab/2021-06-15-15-53-17.jpg,1267.776,246.672,1829.376,476.28,MESCHA,1920,1080
task_20210615_Lab/2021-06-15-15-53-17.jpg,874.176,194.508,1215.744,547.668,MESCHA,1920,1080
task_20210615_Lab/2021-06-15-15-53-31.jpg,1347.84,230.904,1740.48,531.036,MESCHA,1920,1080
task_20210615_Lab/2021-06-15-15-53-31.jpg,1001.472,171.396,1300.608,667.332,MESCHA,1920,1080
task_20210615_Lab/2021-06-15-15-53-37.jpg,1427.904,837.108,1704.0,1041.66,MESCHA,1920,1080
task_20210615_Lab/2021-06-15-15-53-37.jpg,1356.672,209.952,1798.464,530.28,MESCHA,1920,1080
task_20210615_Lab/2021-06-15-15-53-42.jpg,395.904,6.912,1535.232,1080.0,MESCHA,1920,1080
task_20210615_Lab/2021-06-15-15-53-42.jpg,1407.36,220.86,1754.688,543.132,MESCHA,1920,1080
task_20210615_Lab/2021-06-15-15-53-51.jpg,849.024,211.896,1148.16,443.448,MESCHA,1920,1080
task_20210615_Lab/2021-06-15-15-53-51.jpg,1337.28,182.952,1837.056,493.668,MESCHA,1920,1080
task_20210615_Lab/2021-06-15-15-53-55.jpg,771.072,204.552,1320.0,512.46,MESCHA,1920,1080
task_20210615_Lab/2021-06-15-15-54-00.jpg,1053.696,254.34,1705.92,516.78,MESCHA,1920,1080
task_20210615_Lab/2021-06-15-15-54-22.jpg,1008.0,170.208,1459.584,631.044,MESCHA,1920,1080
task_20210615_Lab/2021-06-15-15-56-30.jpg,677.376,279.396,1443.456,729.108,MESCHA,1920,1080
task_20210615_Lab/2021-06-15-15-56-39.jpg,1190.592,296.784,1451.136,636.444,MESCHA,1920,1080
task_20210615_Lab/2021-06-15-15-56-48.jpg,1078.656,302.616,1626.816,752.22,MESCHA,1920,1080
task_20210615_Lab/2021-06-15-15-58-28.jpg,943.68,265.896,1265.856,779.22,MESBLE,1920,1080
task_20210615_Lab/2021-06-15-16-01-39.jpg,1072.896,217.728,1564.992,474.336,MESCHA,1920,1080
task_20210615_Lab/2021-06-15-16-02-48.jpg,1289.088,279.396,1636.416,634.5,MESCHA,1920,1080
task_20210615_Lab/2021-06-15-16-03-02.jpg,1003.392,262.116,1694.208,528.336,MESCHA,1920,1080
task_20210615_Lab/2021-06-15-16-03-42.jpg,1098.048,181.008,1568.832,483.948,MESCHA,1920,1080
task_20210615_Lab/2021-06-15-16-06-19.jpg,706.368,148.284,1314.048,570.78,MESCHA,1920,1080
task_20210615_Lab/2021-06-15-16-06-30.jpg,1323.84,209.952,1647.936,655.776,MESCHA,1920,1080
task_20210615_Lab/2021-06-15-16-07-01.jpg,1250.496,219.672,1578.432,997.272,MESCHA,1920,1080
task_20210615_Lab/2021-06-15-16-07-20.jpg,1389.312,277.56,1694.208,592.056,MESCHA,1920,1080
task_20210615_Lab/2021-06-15-16-07-24.jpg,903.168,200.34,1545.6,503.28,MESCHA,1920,1080
task_20210615_Lab/2021-06-15-16-07-29.jpg,804.672,157.896,1385.472,503.28,MESCHA,1920,1080
task_20210615_Lab/2021-06-15-16-07-50.jpg,918.528,244.728,1530.24,584.388,MESCHA,1920,1080
task_20210615_Lab/2021-06-15-16-08-14.jpg,901.248,233.172,1582.272,611.388,MESCHA,1920,1080
task_20210615_Lab/2021-06-15-16-08-58.jpg,1388.928,239.652,1694.592,904.284,MESCHA,1920,1080
task_20210615_Lab/2021-06-15-16-09-59.jpg,1324.032,261.252,1583.424,752.112,MESCHA,1920,1080
task_20210615_Lab/2021-06-15-16-10-43.jpg,782.784,384.912,1581.504,1080.0,MESCHA,1920,1080
task_20210615_Lab/2021-06-15-16-10-47.jpg,710.208,429.948,1512.96,1080.0,MESCHA,1920,1080
task_20210615_Lab/2021-06-15-16-12-55.jpg,1445.376,289.116,1721.28,736.776,MESCHA,1920,1080
task_20210615_Lab/2021-06-15-16-13-05.jpg,941.952,496.044,1687.68,1000.836,MESCHA,1920,1080
task_20210615_Lab/2021-06-15-16-13-09.jpg,1278.528,428.004,1656.0,1080.0,MESCHA,1920,1080
task_20210615_Lab/2021-06-15-16-13-09.jpg,1104.768,228.852,1560.96,580.824,MESCHA,1920,1080
task_20210615_Lab/2021-06-15-16-13-17.jpg,1074.816,188.784,1399.104,435.78,MESCHA,1920,1080
task_20210615_Lab/2021-06-15-16-14-26.jpg,1335.36,229.284,1601.664,451.224,MESCHA,1920,1080
task_20210615_Lab/2021-06-15-16-14-26.jpg,726.144,468.936,1488.0,1080.0,MESCHA,1920,1080
task_20210615_Lab/2021-06-15-16-14-30.jpg,1006.272,208.008,1372.992,490.86,MESCHA,1920,1080
task_20210615_Lab/2021-06-15-16-14-55.jpg,843.648,169.236,1272.384,446.688,MESCHA,1920,1080
task_20210615_Lab/2021-06-15-16-15-32.jpg,820.224,148.284,1312.128,507.168,MESCHA,1920,1080
task_20210615_Lab/2021-06-15-16-16-24.jpg,694.656,505.224,1462.656,1080.0,MESCHA,1920,1080
task_20210615_Lab/2021-06-15-16-16-28.jpg,1084.416,201.204,1224.0,423.468,MESCHA,1920,1080
task_20210615_Lab/2021-06-15-16-16-28.jpg,738.624,780.408,1875.648,1080.0,MESCHA,1920,1080
task_20210615_Lab/2021-06-15-16-16-28.jpg,584.64,239.004,1212.288,651.132,MESCHA,1920,1080
task_20210615_Lab/2021-06-15-16-16-34.jpg,1146.24,169.452,1383.552,397.116,MESCHA,1920,1080
task_20210615_Lab/2021-06-15-16-16-34.jpg,1333.44,316.116,1806.144,613.332,MESCHA,1920,1080
task_20210615_Lab/2021-06-15-16-16-34.jpg,947.52,374.004,1344.96,638.388,MESCHA,1920,1080
task_20210615_Lab/2021-06-15-16-16-41.jpg,1283.328,294.948,1829.376,543.78,MESCHA,1920,1080
task_20210615_Lab/2021-06-15-16-16-45.jpg,1468.416,265.896,1754.112,514.836,MESCHA,1920,1080
task_20210615_Lab/2021-06-15-16-16-45.jpg,1289.088,310.284,1545.6,1003.104,MESCHA,1920,1080
task_20210615_Lab/2021-06-15-16-16-45.jpg,547.968,235.116,1098.048,688.5,MESCHA,1920,1080
task_20210615_Lab/2021-06-15-16-16-50.jpg,1416.384,273.672,1779.264,524.556,MESCHA,1920,1080
task_20210615_Lab/2021-06-15-16-17-00.jpg,686.976,173.34,1240.704,615.168,MESCHA,1920,1080
task_20210615_Lab/2021-06-15-16-17-19.jpg,1234.944,186.84,1663.296,524.556,MESCHA,1920,1080
task_20210615_Lab/2021-06-15-16-17-23.jpg,934.08,186.84,1161.6,443.448,MESCHA,1920,1080
task_20210615_Lab/2021-06-15-16-17-37.jpg,1096.128,364.392,1420.224,833.22,MESCHA,1920,1080
task_20210615_Lab/2021-06-15-16-17-37.jpg,1221.504,171.396,1746.432,451.224,MESCHA,1920,1080
task_20210615_Lab/2021-06-15-16-17-50.jpg,947.52,0.0,1370.112,443.448,MESCHA,1920,1080
task_20210615_Lab/2021-06-15-16-17-50.jpg,598.272,177.228,951.36,883.44,MESCHA,1920,1080
task_20210615_Lab/2021-06-15-16-17-55.jpg,1034.304,200.34,1233.024,478.224,MESCHA,1920,1080
task_20210615_Lab/2021-06-15-16-18-03.jpg,1268.544,586.332,1879.872,1080.0,MESCHA,1920,1080
task_20210615_Lab/2021-06-15-16-18-11.jpg,1285.248,204.228,1823.616,497.448,MESCHA,1920,1080
task_20210615_Lab/2021-06-15-16-18-11.jpg,536.448,217.728,931.968,561.168,MESCHA,1920,1080
task_20210615_Lab/2021-06-15-16-18-25.jpg,957.12,202.284,1541.76,487.836,MESCHA,1920,1080
task_20210615_Lab/2021-06-15-16-18-35.jpg,922.368,186.84,1539.84,476.28,MESCHA,1920,1080
task_20210615_Lab/2021-06-15-16-18-58.jpg,1165.632,239.76,1665.984,539.028,MESCHA,1920,1080
task_20210615_Lab/2021-06-15-16-19-07.jpg,1136.64,235.116,1563.072,717.444,MESCHA,1920,1080
task_20210615_Lab/2021-06-15-16-19-07.jpg,1111.488,190.728,1551.552,383.616,MESCHA,1920,1080
task_20210615_Lab/2021-06-15-16-19-18.jpg,854.784,215.784,1541.76,557.28,MESCHA,1920,1080
task_20210615_Lab/2021-06-15-16-19-18.jpg,1134.72,148.284,1690.368,487.836,MESCHA,1920,1080
task_20210615_Lab/2021-06-15-16-19-34.jpg,1123.968,168.048,1406.784,470.88,MESCHA,1920,1080
