task_19-01-2021/2021-01-19-10-33-58.jpg,0.0,237.184,926.208,756.2688,MESCHA,1920,1088
task_19-01-2021/2021-01-19-10-35-11.jpg,0.0,190.8352,905.088,833.408,MESCHA,1920,1088
task_19-01-2021/2021-01-19-10-35-13.jpg,15.552,144.5952,1123.008,775.5264,MESCHA,1920,1088
task_19-01-2021/2021-01-19-10-36-29.jpg,0.0,266.1248,1015.104,742.7776,MESCHA,1920,1088
task_19-01-2021/2021-01-19-10-36-51.jpg,192.96,113.696,1294.848,1086.2592,MESCHA,1920,1088
task_19-01-2021/2021-01-19-10-37-20.jpg,0.0,217.9264,907.008,665.5296,MESCHA,1920,1088
task_19-01-2021/2021-01-19-10-37-54.jpg,910.848,136.7616,1433.856,777.4848,MESCHA,1920,1088
task_19-01-2021/2021-01-19-10-37-56.jpg,0.0,188.9856,538.368,561.408,MESNON,1920,1088
task_19-01-2021/2021-01-19-10-37-58.jpg,21.312,84.7552,752.64,515.0592,MESBLE,1920,1088
task_19-01-2021/2021-01-19-10-38-00.jpg,297.216,73.2224,924.288,505.376,MESBLE,1920,1088
task_19-01-2021/2021-01-19-10-38-12.jpg,3.84,154.1696,785.472,569.1328,MESCHA,1920,1088
task_19-01-2021/2021-01-19-10-38-58.jpg,36.672,111.7376,1017.024,763.9936,MESCHA,1920,1088
task_19-01-2021/2021-01-19-10-39-03.jpg,1.92,279.616,818.304,692.6208,MESNON,1920,1088
task_19-01-2021/2021-01-19-10-39-29.jpg,3.84,161.8944,939.84,794.8928,MESCHA,1920,1088
task_19-01-2021/2021-01-19-10-40-08.jpg,79.104,34.5984,1099.968,684.896,MESCHA,1920,1088
task_19-01-2021/2021-01-19-10-40-42.jpg,1.92,144.5952,943.68,841.1328,MESCHA,1920,1088
task_19-01-2021/2021-01-19-10-41-48.jpg,939.84,217.9264,1806.144,1088.0,MESCHA,1920,1088
task_19-01-2021/2021-01-19-10-41-50.jpg,827.904,134.912,1231.104,750.5024,MESCHA,1920,1088
task_19-01-2021/2021-01-19-10-41-52.jpg,692.736,279.616,1470.336,746.5856,MESCHA,1920,1088
task_19-01-2021/2021-01-19-10-42-22.jpg,1424.064,233.376,1918.08,856.5824,ROUGOR,1920,1088
task_19-01-2021/2021-01-19-10-42-25.jpg,1401.024,57.7728,1918.08,872.032,ROUGOR,1920,1088
task_19-01-2021/2021-01-19-10-42-26.jpg,1458.816,173.536,1916.16,875.9488,ROUGOR,1920,1088
task_19-01-2021/2021-01-19-10-42-33.jpg,1312.128,333.6896,1916.16,872.032,ROUGOR,1920,1088
task_19-01-2021/2021-01-19-10-42-35.jpg,1204.224,310.5152,1918.08,845.0496,ROUGOR,1920,1088
task_19-01-2021/2021-01-19-10-42-37.jpg,1387.392,34.5984,1918.08,935.5712,ROUGOR,1920,1088
task_19-01-2021/2021-01-19-10-42-41.jpg,1375.488,51.8976,1916.16,933.8304,ROUGOR,1920,1088
task_19-01-2021/2021-01-19-10-42-43.jpg,1497.408,109.7792,1918.08,918.3808,ROUGOR,1920,1088
task_19-01-2021/2021-01-19-10-42-57.jpg,0.0,80.8384,679.296,605.7984,MESCHA,1920,1088
task_19-01-2021/2021-01-19-10-42-59.jpg,3.84,179.3024,725.568,574.8992,MESCHA,1920,1088
task_19-01-2021/2021-01-19-10-44-04.jpg,422.592,239.1424,1244.736,721.5616,MESNON,1920,1088
task_19-01-2021/2021-01-19-10-44-06.jpg,667.776,131.104,1192.512,661.7216,MESNON,1920,1088
task_19-01-2021/2021-01-19-10-44-50.jpg,131.328,316.2816,779.712,804.4672,MESNON,1920,1088
task_19-01-2021/2021-01-19-10-45-01.jpg,1049.856,51.8976,1564.992,829.6,MESCHA,1920,1088
task_19-01-2021/2021-01-19-10-45-03.jpg,962.88,229.4592,1584.192,816.1088,MESCHA,1920,1088
task_19-01-2021/2021-01-19-10-45-05.jpg,934.08,24.9152,1869.888,756.2688,MESCHA,1920,1088
task_19-01-2021/2021-01-19-10-45-12.jpg,1593.984,650.1888,1918.08,1068.8512,MESBLE,1920,1088
task_19-01-2021/2021-01-19-10-45-16.jpg,1153.92,248.7168,1837.056,939.5968,MESBLE,1920,1088
task_19-01-2021/2021-01-19-10-45-37.jpg,602.112,237.184,1142.4,814.1504,MESBLE,1920,1088
task_19-01-2021/2021-01-19-10-47-33.jpg,0.0,131.104,825.984,748.544,MESCHA,1920,1088
task_19-01-2021/2021-01-19-10-47-35.jpg,46.272,165.8112,849.024,692.6208,MESCHA,1920,1088
task_19-01-2021/2021-01-19-10-48-57.jpg,140.928,198.56,704.448,526.592,MESNON,1920,1088
task_19-01-2021/2021-01-19-10-49-05.jpg,23.232,160.0448,546.048,627.0144,MESBLE,1920,1088
task_19-01-2021/2021-01-19-10-49-07.jpg,521.088,206.2848,845.184,582.624,MESBLE,1920,1088
task_19-01-2021/2021-01-19-10-49-09.jpg,1.92,84.7552,825.984,727.328,MESCHA,1920,1088
task_19-01-2021/2021-01-19-10-49-11.jpg,393.6,69.3056,1128.96,601.8816,MESCHA,1920,1088
task_19-01-2021/2021-01-19-10-49-36.jpg,3.84,266.1248,754.56,630.8224,MESBLE,1920,1088
task_19-01-2021/2021-01-19-10-50-56.jpg,1.92,57.7728,694.656,509.2928,MESCHA,1920,1088
task_19-01-2021/2021-01-19-10-51-06.jpg,69.504,129.1456,731.328,627.0144,MESNON,1920,1088
task_19-01-2021/2021-01-19-10-51-08.jpg,38.592,248.7168,845.184,690.6624,MESNON,1920,1088
task_19-01-2021/2021-01-19-10-51-10.jpg,54.144,127.1872,771.84,601.8816,MESNON,1920,1088
task_19-01-2021/2021-01-19-10-51-12.jpg,106.176,210.2016,752.64,522.784,MESNON,1920,1088
task_19-01-2021/2021-01-19-10-53-04.jpg,1.92,194.752,627.264,655.9552,MESNON,1920,1088
task_19-01-2021/2021-01-19-10-53-06.jpg,254.784,169.6192,1001.472,598.0736,MESNON,1920,1088
task_19-01-2021/2021-01-19-10-53-08.jpg,465.024,277.6576,1209.984,611.5648,MESNON,1920,1088
task_19-01-2021/2021-01-19-10-53-34.jpg,1.92,5.6576,1260.096,1005.2032,MESCHA,1920,1088
task_19-01-2021/2021-01-19-10-53-36.jpg,1001.472,179.3024,1497.408,690.6624,MESCHA,1920,1088
task_19-01-2021/2021-01-19-10-53-39.jpg,729.408,96.288,1634.496,688.704,MESCHA,1920,1088
task_19-01-2021/2021-01-19-10-53-42.jpg,1055.616,1.7408,1916.16,682.9376,MESCHA,1920,1088
task_19-01-2021/2021-01-19-10-53-49.jpg,966.72,92.48,1742.592,603.84,MESCHA,1920,1088
task_19-01-2021/2021-01-19-10-53-54.jpg,580.8,403.104,1454.976,1074.6176,MESCHA,1920,1088
task_19-01-2021/2021-01-19-10-53-58.jpg,528.768,410.8288,1287.168,1088.0,MESCHA,1920,1088
task_19-01-2021/2021-01-19-10-53-58.jpg,181.44,435.9616,482.496,856.5824,MESBLE,1920,1088
task_19-01-2021/2021-01-19-10-54-01.jpg,194.88,397.3376,480.576,976.2624,MESBLE,1920,1088
task_19-01-2021/2021-01-19-10-54-01.jpg,644.544,154.1696,1555.392,831.5584,MESCHA,1920,1088
task_19-01-2021/2021-01-19-10-54-03.jpg,40.512,302.7904,547.968,843.0912,MESBLE,1920,1088
task_19-01-2021/2021-01-19-10-54-03.jpg,642.624,75.072,1373.952,667.488,MESCHA,1920,1088
task_19-01-2021/2021-01-19-10-54-05.jpg,1410.624,287.3408,1918.08,677.1712,MESCHA,1920,1088
task_19-01-2021/2021-01-19-10-54-05.jpg,110.016,264.1664,773.76,574.8992,MESBLE,1920,1088
task_19-01-2021/2021-01-19-10-54-08.jpg,1642.176,399.296,1918.08,935.68,MESCHA,1920,1088
task_19-01-2021/2021-01-19-10-54-46.jpg,468.864,187.0272,1213.824,563.2576,MESBLE,1920,1088
task_19-01-2021/2021-01-19-10-55-00.jpg,542.208,179.3024,1153.92,642.464,MESBLE,1920,1088
task_19-01-2021/2021-01-19-10-56-28.jpg,144.768,271.8912,910.848,837.3248,MESBLE,1920,1088
task_19-01-2021/2021-01-19-10-56-30.jpg,1346.88,300.832,1918.08,762.0352,MESBLE,1920,1088
task_19-01-2021/2021-01-19-10-56-35.jpg,1584.192,264.1664,1918.08,638.5472,MESBLE,1920,1088
task_19-01-2021/2021-01-19-10-56-55.jpg,258.624,169.6192,895.488,534.3168,MESNON,1920,1088
task_19-01-2021/2021-01-19-10-57-01.jpg,57.984,48.0896,885.696,592.1984,MESCHA,1920,1088
task_19-01-2021/2021-01-19-10-57-02.jpg,158.208,0.0,845.184,549.7664,MESCHA,1920,1088
task_19-01-2021/2021-01-19-10-57-04.jpg,63.744,59.6224,951.36,518.8672,MESCHA,1920,1088
task_19-01-2021/2021-01-19-10-57-16.jpg,28.992,175.4944,843.264,752.4608,MESNON,1920,1088
task_19-01-2021/2021-01-19-10-57-18.jpg,32.832,188.9856,953.28,717.6448,MESNON,1920,1088
task_19-01-2021/2021-01-19-10-57-20.jpg,563.52,208.2432,1318.08,592.1984,MESNON,1920,1088
task_19-01-2021/2021-01-19-10-58-18.jpg,1.92,173.536,1059.456,825.6832,MESCHA,1920,1088
task_19-01-2021/2021-01-19-10-58-28.jpg,3.84,0.0,557.76,559.4496,MESBLE,1920,1088
task_19-01-2021/2021-01-19-10-58-40.jpg,652.224,123.3792,978.432,372.3136,MESNON,1920,1088
task_19-01-2021/2021-01-19-10-58-55.jpg,0.0,235.2256,735.168,623.0976,MESNON,1920,1088
task_19-01-2021/2021-01-19-10-59-00.jpg,1348.8,146.5536,1914.24,509.2928,MESCHA,1920,1088
task_19-01-2021/2021-01-19-10-59-00.jpg,142.848,254.592,748.8,1084.3008,MESCHA,1920,1088
task_19-01-2021/2021-01-19-10-59-02.jpg,187.2,190.8352,1009.152,1088.0,MESCHA,1920,1088
task_19-01-2021/2021-01-19-10-59-02.jpg,0.0,185.0688,472.704,599.9232,MESBLE,1920,1088
task_19-01-2021/2021-01-19-10-59-04.jpg,104.256,403.104,434.304,737.0112,MESBLE,1920,1088
task_19-01-2021/2021-01-19-10-59-04.jpg,405.312,132.9536,953.28,1051.552,MESCHA,1920,1088
task_19-01-2021/2021-01-19-10-59-06.jpg,27.072,140.6784,723.648,474.5856,MESBLE,1920,1088
task_19-01-2021/2021-01-19-10-59-09.jpg,297.216,160.0448,1028.544,486.1184,MESBLE,1920,1088
task_19-01-2021/2021-01-19-10-59-29.jpg,270.144,134.912,878.016,443.6864,MESNON,1920,1088
task_19-01-2021/2021-01-19-10-59-32.jpg,418.752,148.4032,1333.44,501.568,MESCHA,1920,1088
task_19-01-2021/2021-01-19-10-59-35.jpg,553.92,32.64,941.76,399.296,MESNON,1920,1088
task_19-01-2021/2021-01-19-10-59-37.jpg,806.592,78.9888,1057.536,424.32,MESNON,1920,1088
task_19-01-2021/2021-01-19-10-59-46.jpg,121.536,320.1984,1009.152,1088.0,MESCHA,1920,1088
task_19-01-2021/2021-01-19-10-59-48.jpg,513.408,229.4592,1090.368,704.1536,MESCHA,1920,1088
task_19-01-2021/2021-01-19-11-00-11.jpg,1.92,163.8528,916.608,785.2096,MESCHA,1920,1088
task_19-01-2021/2021-01-19-11-00-12.jpg,212.352,22.9568,1171.392,634.7392,MESCHA,1920,1088
task_19-01-2021/2021-01-19-11-00-16.jpg,225.792,111.7376,710.208,522.784,MESNON,1920,1088
task_19-01-2021/2021-01-19-11-00-32.jpg,403.392,38.4064,712.128,383.8464,MESCHA,1920,1088
task_19-01-2021/2021-01-19-11-00-46.jpg,748.8,179.3024,1480.128,642.464,MESCHA,1920,1088
task_19-01-2021/2021-01-19-11-01-15.jpg,1.92,84.7552,611.712,592.1984,MESCHA,1920,1088
task_19-01-2021/2021-01-19-11-01-27.jpg,748.8,229.4592,1208.064,659.7632,MESCHA,1920,1088
task_19-01-2021/2021-01-19-11-01-44.jpg,266.304,129.1456,1013.184,526.592,MESNON,1920,1088
task_19-01-2021/2021-01-19-11-02-05.jpg,0.0,192.7936,746.88,596.1152,MESCHA,1920,1088
task_19-01-2021/2021-01-19-11-02-07.jpg,0.0,24.9152,837.504,615.3728,MESCHA,1920,1088
task_19-01-2021/2021-01-19-11-02-09.jpg,0.0,125.2288,800.832,655.9552,MESCHA,1920,1088
task_19-01-2021/2021-01-19-11-02-09.jpg,1406.784,132.9536,1895.04,682.9376,MESCHA,1920,1088
task_19-01-2021/2021-01-19-11-02-11.jpg,1240.704,146.5536,1622.784,594.1568,MESCHA,1920,1088
task_19-01-2021/2021-01-19-11-02-11.jpg,3.84,65.4976,764.16,673.2544,MESCHA,1920,1088
task_19-01-2021/2021-01-19-11-02-13.jpg,1057.536,0.0,1483.968,528.5504,MESCHA,1920,1088
task_19-01-2021/2021-01-19-11-02-13.jpg,0.0,78.9888,723.648,735.0528,MESCHA,1920,1088
task_19-01-2021/2021-01-19-11-02-15.jpg,1.92,173.536,748.8,630.8224,MESCHA,1920,1088
task_19-01-2021/2021-01-19-11-02-15.jpg,773.76,53.856,1557.312,534.3168,MESCHA,1920,1088
task_19-01-2021/2021-01-19-11-02-17.jpg,397.632,0.0,1086.336,457.1776,MESCHA,1920,1088
task_19-01-2021/2021-01-19-11-02-55.jpg,0.0,46.1312,673.536,472.6272,MESCHA,1920,1088
task_19-01-2021/2021-01-19-11-03-41.jpg,1.92,98.2464,766.08,713.8368,MESCHA,1920,1088
task_19-01-2021/2021-01-19-11-04-18.jpg,1.92,169.6192,1053.696,895.2064,MESCHA,1920,1088
task_19-01-2021/2021-01-19-11-04-48.jpg,497.856,136.8704,1159.68,671.4048,MESCHA,1920,1088
task_19-01-2021/2021-01-19-11-05-18.jpg,623.232,185.0688,1343.04,601.8816,MESCHA,1920,1088
task_19-01-2021/2021-01-19-11-07-11.jpg,1.92,188.9856,723.648,634.7392,MESNON,1920,1088
task_19-01-2021/2021-01-19-11-07-47.jpg,401.472,123.3792,1157.76,551.7248,MESNON,1920,1088
task_19-01-2021/2021-01-19-11-07-49.jpg,665.856,53.856,960.96,430.1952,MESCHA,1920,1088
task_19-01-2021/2021-01-19-11-08-08.jpg,1215.744,131.104,1530.24,661.7216,MESCHA,1920,1088
task_19-01-2021/2021-01-19-11-08-17.jpg,758.4,1.7408,1711.68,613.5232,MESBLE,1920,1088
task_19-01-2021/2021-01-19-11-08-19.jpg,445.824,75.072,889.536,430.1952,MESNON,1920,1088
task_19-01-2021/2021-01-19-11-08-33.jpg,50.304,34.5984,692.736,453.2608,MESCHA,1920,1088
task_19-01-2021/2021-01-19-11-08-39.jpg,21.312,250.6752,739.008,1088.0,MESCHA,1920,1088
task_19-01-2021/2021-01-19-11-08-41.jpg,690.816,156.128,1088.448,578.7072,MESCHA,1920,1088
task_19-01-2021/2021-01-19-11-09-08.jpg,1.92,48.0896,773.76,646.272,MESCHA,1920,1088
task_19-01-2021/2021-01-19-11-09-34.jpg,210.432,138.8288,1130.88,623.0976,MESCHA,1920,1088
task_19-01-2021/2021-01-19-11-09-36.jpg,3.84,104.0128,881.856,625.056,MESCHA,1920,1088
task_19-01-2021/2021-01-19-11-09-38.jpg,739.008,156.128,1511.04,576.8576,MESCHA,1920,1088
task_19-01-2021/2021-01-19-11-09-43.jpg,1213.824,237.184,1918.08,580.6656,MESCHA,1920,1088
task_19-01-2021/2021-01-19-11-10-03.jpg,403.392,111.7376,1188.672,621.1392,MESCHA,1920,1088
task_19-01-2021/2021-01-19-11-10-09.jpg,0.0,53.856,690.816,596.1152,MESCHA,1920,1088
task_19-01-2021/2021-01-19-11-10-14.jpg,57.984,165.8112,1005.312,534.3168,MESCHA,1920,1088
task_19-01-2021/2021-01-19-11-10-23.jpg,1.728,113.696,856.704,906.7392,MESCHA,1920,1088
task_19-01-2021/2021-01-19-11-10-28.jpg,52.224,123.3792,717.888,553.6832,MESNON,1920,1088
task_19-01-2021/2021-01-19-11-10-31.jpg,621.312,202.4768,1368.192,524.7424,MESNON,1920,1088
task_19-01-2021/2021-01-19-11-10-40.jpg,1.92,142.6368,696.576,555.5328,MESCHA,1920,1088
task_19-01-2021/2021-01-19-11-10-42.jpg,245.184,19.1488,802.752,582.624,MESCHA,1920,1088
task_19-01-2021/2021-01-19-11-11-00.jpg,3.84,146.5536,731.328,744.736,MESCHA,1920,1088
task_19-01-2021/2021-01-19-11-11-02.jpg,3.84,107.9296,850.944,582.624,MESCHA,1920,1088
task_19-01-2021/2021-01-19-11-11-19.jpg,3.84,5.6576,625.152,497.6512,MESNON,1920,1088
task_19-01-2021/2021-01-19-11-11-21.jpg,299.136,17.1904,1076.736,428.2368,MESCHA,1920,1088
task_19-01-2021/2021-01-19-11-11-26.jpg,3.84,188.9856,754.56,518.8672,MESNON,1920,1088
task_19-01-2021/2021-01-19-11-11-42.jpg,1425.984,127.1872,1918.08,673.2544,MESCHA,1920,1088
task_19-01-2021/2021-01-19-11-11-49.jpg,959.04,219.776,1285.248,679.1296,MESCHA,1920,1088
task_19-01-2021/2021-01-19-11-11-51.jpg,856.704,129.1456,1294.848,578.7072,MESCHA,1920,1088
task_19-01-2021/2021-01-19-11-12-09.jpg,793.152,161.8944,1221.504,663.68,MESCHA,1920,1088
task_19-01-2021/2021-01-19-11-12-11.jpg,640.704,131.104,1603.584,665.5296,MESCHA,1920,1088
task_19-01-2021/2021-01-19-11-12-20.jpg,1.92,131.104,924.288,700.3456,MESCHA,1920,1088
task_19-01-2021/2021-01-19-11-12-45.jpg,895.296,169.6192,1244.736,599.9232,MESCHA,1920,1088
task_19-01-2021/2021-01-19-11-12-48.jpg,633.024,111.7376,1478.208,586.432,MESCHA,1920,1088
task_19-01-2021/2021-01-19-11-13-00.jpg,663.936,160.0448,1329.6,627.0144,MESCHA,1920,1088
task_19-01-2021/2021-01-19-11-13-04.jpg,735.168,140.6784,1381.632,684.896,MESCHA,1920,1088
task_19-01-2021/2021-01-19-11-13-11.jpg,1391.232,169.6192,1918.08,586.432,MESCHA,1920,1088
task_19-01-2021/2021-01-19-11-13-32.jpg,1.92,73.2224,856.704,559.4496,MESCHA,1920,1088
task_19-01-2021/2021-01-19-11-13-47.jpg,812.352,73.2224,1383.552,468.7104,MESCHA,1920,1088
task_19-01-2021/2021-01-19-11-13-59.jpg,416.832,152.32,712.128,488.0768,MESNON,1920,1088
task_19-01-2021/2021-01-19-11-14-01.jpg,50.304,50.048,928.128,590.3488,MESCHA,1920,1088
task_19-01-2021/2021-01-19-11-14-15.jpg,1318.08,123.1616,1821.504,584.4736,MESCHA,1920,1088
task_19-01-2021/2021-01-19-11-14-19.jpg,52.224,80.8384,845.184,472.6272,MESCHA,1920,1088
task_19-01-2021/2021-01-19-11-14-20.jpg,1474.368,17.1904,1914.24,731.136,MESCHA,1920,1088
task_19-01-2021/2021-01-19-11-14-24.jpg,1.92,109.7792,659.904,642.464,MESCHA,1920,1088
task_19-01-2021/2021-01-19-11-14-27.jpg,513.408,0.0,1254.336,518.8672,MESCHA,1920,1088
task_19-01-2021/2021-01-19-11-14-39.jpg,517.248,80.8384,1121.088,491.8848,MESCHA,1920,1088
task_19-01-2021/2021-01-19-11-14-46.jpg,746.88,190.8352,1121.088,783.2512,MESCHA,1920,1088
task_19-01-2021/2021-01-19-11-14-51.jpg,1566.912,119.4624,1916.16,544.0,MESNON,1920,1088
task_19-01-2021/2021-01-19-11-15-02.jpg,0.0,167.7696,1036.224,852.7744,MESCHA,1920,1088
task_19-01-2021/2021-01-19-11-15-08.jpg,856.704,111.7376,1636.416,466.8608,MESCHA,1920,1088
task_19-01-2021/2021-01-19-11-15-10.jpg,1.92,57.7728,793.152,789.0176,MESCHA,1920,1088
task_19-01-2021/2021-01-19-11-15-12.jpg,1015.104,177.344,1296.768,491.8848,MESCHA,1920,1088
task_19-01-2021/2021-01-19-11-15-24.jpg,0.0,77.0304,787.392,632.7808,MESCHA,1920,1088
task_19-01-2021/2021-01-19-11-15-27.jpg,631.104,144.5952,1318.08,466.8608,MESCHA,1920,1088
task_19-01-2021/2021-01-19-11-15-56.jpg,1.92,179.3024,835.584,673.2544,MESCHA,1920,1088
task_19-01-2021/2021-01-19-11-15-59.jpg,459.264,78.9888,1119.168,501.568,MESCHA,1920,1088
task_19-01-2021/2021-01-19-11-16-10.jpg,546.048,113.696,1150.08,480.352,MESNON,1920,1088
task_19-01-2021/2021-01-19-11-16-16.jpg,974.592,82.7968,1294.848,482.3104,MESNON,1920,1088
task_19-01-2021/2021-01-19-11-16-24.jpg,0.0,142.6368,951.36,742.7776,MESCHA,1920,1088
task_19-01-2021/2021-01-19-11-16-32.jpg,1269.696,142.6368,1920.0,572.9408,MESCHA,1920,1088
task_19-01-2021/2021-01-19-11-16-52.jpg,1.92,36.5568,972.672,902.9312,MESCHA,1920,1088
task_19-01-2021/2021-01-19-11-16-54.jpg,457.344,1.7408,1350.72,517.0176,MESCHA,1920,1088
task_19-01-2021/2021-01-19-11-17-08.jpg,3.84,30.6816,939.84,642.464,MESCHA,1920,1088
task_19-01-2021/2021-01-19-11-17-10.jpg,739.008,123.3792,1312.128,486.1184,MESCHA,1920,1088
task_19-01-2021/2021-01-19-11-17-16.jpg,1086.336,160.0448,1873.728,528.5504,MESCHA,1920,1088
task_19-01-2021/2021-01-19-11-17-23.jpg,1040.064,171.5776,1912.32,534.3168,MESCHA,1920,1088
task_19-01-2021/2021-01-19-11-17-28.jpg,1130.88,140.6784,1916.16,731.136,MESCHA,1920,1088
task_19-01-2021/2021-01-19-11-17-30.jpg,698.496,44.2816,1410.624,447.4944,MESCHA,1920,1088
task_19-01-2021/2021-01-19-11-17-46.jpg,644.544,1.7408,984.192,466.8608,MESCHA,1920,1088
task_19-01-2021/2021-01-19-11-17-50.jpg,563.52,24.9152,1312.128,462.944,MESCHA,1920,1088
task_19-01-2021/2021-01-19-11-17-52.jpg,831.744,17.1904,1518.72,486.1184,MESCHA,1920,1088
task_19-01-2021/2021-01-19-11-17-55.jpg,0.0,158.0864,750.72,630.8224,MESBLE,1920,1088
task_19-01-2021/2021-01-19-11-17-57.jpg,411.072,115.6544,781.632,478.3936,MESBLE,1920,1088
task_19-01-2021/2021-01-19-11-18-20.jpg,854.016,240.448,1321.152,616.7872,MESNON,1920,1088
task_19-01-2021/2021-01-19-11-18-26.jpg,708.288,136.8704,1638.336,763.9936,MESCHA,1920,1088
task_19-01-2021/2021-01-19-11-18-28.jpg,779.712,190.8352,1607.424,769.76,MESCHA,1920,1088
task_19-01-2021/2021-01-19-11-18-30.jpg,1204.224,104.0128,1615.104,752.4608,MESCHA,1920,1088
task_19-01-2021/2021-01-19-11-18-32.jpg,1128.96,283.5328,1918.08,696.4288,MESCHA,1920,1088
task_19-01-2021/2021-01-19-11-18-41.jpg,723.648,183.1104,1007.232,464.9024,MESNON,1920,1088
task_19-01-2021/2021-01-19-11-18-43.jpg,590.592,46.1312,1227.264,563.2576,MESNON,1920,1088
task_19-01-2021/2021-01-19-11-18-46.jpg,1339.2,152.32,1748.352,628.864,MESNON,1920,1088
task_19-01-2021/2021-01-19-11-19-05.jpg,968.64,36.5568,1304.448,518.8672,MESCHA,1920,1088
task_19-01-2021/2021-01-19-11-19-24.jpg,605.952,200.5184,1675.008,941.5552,MESCHA,1920,1088
task_19-01-2021/2021-01-19-11-19-26.jpg,547.968,289.2992,1728.96,941.5552,MESCHA,1920,1088
task_19-01-2021/2021-01-19-11-19-28.jpg,1221.504,242.9504,1732.8,763.9936,MESCHA,1920,1088
task_19-01-2021/2021-01-19-11-19-30.jpg,1289.088,298.9824,1634.496,715.6864,MESCHA,1920,1088
task_19-01-2021/2021-01-19-11-19-31.jpg,1173.312,250.6752,1916.16,715.6864,MESCHA,1920,1088
task_19-01-2021/2021-01-19-11-19-33.jpg,920.448,252.6336,1916.16,659.7632,MESCHA,1920,1088
task_19-01-2021/2021-01-19-11-19-42.jpg,629.184,146.5536,947.52,468.7104,MESCHA,1920,1088
task_19-01-2021/2021-01-19-11-19-50.jpg,677.376,256.4416,1113.408,889.44,MESNON,1920,1088
task_19-01-2021/2021-01-19-11-19-52.jpg,569.28,302.7904,1038.144,997.4784,MESNON,1920,1088
task_19-01-2021/2021-01-19-11-19-56.jpg,596.352,185.0688,1246.656,545.9584,MESNON,1920,1088
task_19-01-2021/2021-01-19-11-19-58.jpg,887.616,188.9856,1175.232,486.1184,MESNON,1920,1088
task_19-01-2021/2021-01-19-11-20-03.jpg,57.984,156.128,679.296,499.6096,MESNON,1920,1088
task_19-01-2021/2021-01-19-11-20-08.jpg,598.272,5.6576,901.248,383.8464,MESCHA,1920,1088
task_19-01-2021/2021-01-19-11-20-11.jpg,196.8,252.6336,1557.312,839.2832,MESCHA,1920,1088
task_19-01-2021/2021-01-19-11-20-20.jpg,602.112,38.4064,889.536,434.0032,MESCHA,1920,1088
task_19-01-2021/2021-01-19-11-20-25.jpg,137.088,36.5568,989.952,513.1008,MESCHA,1920,1088
task_19-01-2021/2021-01-19-11-20-27.jpg,827.904,136.8704,1320.0,447.4944,MESCHA,1920,1088
task_19-01-2021/2021-01-19-11-20-32.jpg,710.208,102.1632,1381.632,507.3344,MESNON,1920,1088
task_19-01-2021/2021-01-19-11-20-40.jpg,13.632,123.3792,744.96,642.464,MESNON,1920,1088
task_19-01-2021/2021-01-19-11-20-42.jpg,376.32,38.4064,781.632,493.8432,MESNON,1920,1088
task_19-01-2021/2021-01-19-11-20-44.jpg,252.864,144.5952,986.112,474.5856,MESNON,1920,1088
task_19-01-2021/2021-01-19-11-20-50.jpg,9.6,32.64,685.056,505.376,MESCHA,1920,1088
task_19-01-2021/2021-01-19-11-20-52.jpg,3.84,219.776,779.712,839.2832,MESBLE,1920,1088
task_19-01-2021/2021-01-19-11-21-10.jpg,683.136,26.8736,1503.168,545.9584,MESCHA,1920,1088
task_19-01-2021/2021-01-19-11-21-12.jpg,395.712,46.1312,864.576,443.6864,MESCHA,1920,1088
task_19-01-2021/2021-01-19-11-21-14.jpg,372.48,127.1872,907.008,426.2784,MESCHA,1920,1088
task_19-01-2021/2021-01-19-11-21-50.jpg,1221.504,214.0096,1867.968,667.488,MESCHA,1920,1088
task_19-01-2021/2021-01-19-11-22-11.jpg,218.112,1.7408,945.6,505.376,MESCHA,1920,1088
task_19-01-2021/2021-01-19-11-22-13.jpg,476.736,88.5632,1227.264,559.4496,MESCHA,1920,1088
task_19-01-2021/2021-01-19-11-22-15.jpg,536.448,136.8704,910.848,580.6656,MESCHA,1920,1088
task_19-01-2021/2021-01-19-11-22-21.jpg,885.696,28.832,1333.44,511.2512,MESCHA,1920,1088
task_19-01-2021/2021-01-19-11-22-27.jpg,1325.76,0.0,1904.64,598.0736,MESCHA,1920,1088
task_19-01-2021/2021-01-19-11-22-51.jpg,519.168,69.3056,1132.8,457.1776,MESNON,1920,1088
task_19-01-2021/2021-01-19-11-23-13.jpg,3.84,21.1072,854.784,663.68,MESCHA,1920,1088
task_19-01-2021/2021-01-19-11-23-15.jpg,3.84,1.7408,795.072,659.7632,MESCHA,1920,1088
task_19-01-2021/2021-01-19-11-23-59.jpg,515.328,1.7408,1188.672,381.888,MESNON,1920,1088
task_19-01-2021/2021-01-19-11-24-23.jpg,1061.376,277.6576,1918.08,1072.768,MESCHA,1920,1088
task_19-01-2021/2021-01-19-11-24-26.jpg,575.04,51.8976,872.256,408.9792,MESCHA,1920,1088
task_19-01-2021/2021-01-19-11-24-30.jpg,133.248,169.6192,688.896,663.68,MESNON,1920,1088
task_19-01-2021/2021-01-19-11-24-46.jpg,1.92,5.6576,607.872,482.3104,MESCHA,1920,1088
task_19-01-2021/2021-01-19-11-24-48.jpg,424.512,3.6992,1121.088,499.6096,MESCHA,1920,1088
task_19-01-2021/2021-01-19-11-24-52.jpg,1061.376,24.9152,1458.816,489.9264,MESCHA,1920,1088
task_19-01-2021/2021-01-19-11-24-54.jpg,924.288,80.8384,1304.448,553.6832,MESCHA,1920,1088
task_19-01-2021/2021-01-19-11-24-56.jpg,793.152,129.1456,1425.984,572.9408,MESCHA,1920,1088
task_19-01-2021/2021-01-19-11-25-01.jpg,685.056,77.0304,1451.136,574.8992,MESCHA,1920,1088
task_19-01-2021/2021-01-19-11-25-07.jpg,544.128,117.504,905.088,499.6096,MESBLE,1920,1088
task_19-01-2021/2021-01-19-11-25-18.jpg,1152.0,210.2016,1578.432,634.7392,MESBLE,1920,1088
task_19-01-2021/2021-01-19-11-25-20.jpg,1260.096,179.3024,1563.072,569.1328,MESBLE,1920,1088
task_19-01-2021/2021-01-19-11-25-22.jpg,841.344,117.504,1234.944,445.536,MESBLE,1920,1088
task_19-01-2021/2021-01-19-11-25-30.jpg,5.76,94.4384,708.288,845.0496,MESCHA,1920,1088
task_19-01-2021/2021-01-19-11-25-32.jpg,220.032,1.7408,1105.728,528.5504,MESCHA,1920,1088
task_19-01-2021/2021-01-19-11-25-34.jpg,0.0,22.848,507.456,397.3376,MESCHA,1920,1088
task_19-01-2021/2021-01-19-11-26-09.jpg,1167.552,144.5952,1916.16,742.7776,MESCHA,1920,1088
task_19-01-2021/2021-01-19-11-26-11.jpg,771.84,61.5808,1107.648,486.1184,MESCHA,1920,1088
task_19-01-2021/2021-01-19-11-27-02.jpg,1024.704,150.3616,1817.856,887.4816,MESCHA,1920,1088
task_19-01-2021/2021-01-19-11-27-05.jpg,951.36,24.9152,1524.48,484.16,MESCHA,1920,1088
task_19-01-2021/2021-01-19-11-27-26.jpg,1244.736,266.1248,1717.44,677.1712,MESNON,1920,1088
task_19-01-2021/2021-01-19-11-29-15.jpg,1.92,50.048,748.8,565.216,MESCHA,1920,1088
task_19-01-2021/2021-01-19-11-29-38.jpg,133.248,131.104,625.152,499.6096,MESNON,1920,1088
task_19-01-2021/2021-01-19-11-31-10.jpg,1.92,277.6576,995.712,941.5552,MESBLE,1920,1088
task_19-01-2021/2021-01-19-11-31-12.jpg,65.664,140.6784,735.168,638.5472,MESBLE,1920,1088
task_19-01-2021/2021-01-19-11-32-38.jpg,989.952,165.8112,1572.672,493.8432,MESNON,1920,1088
task_19-01-2021/2021-01-19-11-33-00.jpg,1153.92,88.5632,1454.976,476.4352,MESCHA,1920,1088
task_19-01-2021/2021-01-19-11-34-00.jpg,1.92,171.5776,812.352,1082.3424,MESCHA,1920,1088
task_19-01-2021/2021-01-19-11-34-02.jpg,1.92,181.2608,814.272,1088.0,MESCHA,1920,1088
task_19-01-2021/2021-01-19-11-34-10.jpg,1707.84,177.344,1918.08,636.5888,MESNON,1920,1088
task_19-01-2021/2021-01-19-11-34-32.jpg,30.912,100.2048,775.68,625.056,MESNON,1920,1088
task_19-01-2021/2021-01-19-11-35-17.jpg,1043.904,223.6928,1717.44,603.84,MESNON,1920,1088
task_19-01-2021/2021-01-19-11-35-52.jpg,611.712,215.968,1522.56,717.6448,MESBLE,1920,1088
task_19-01-2021/2021-01-19-11-36-07.jpg,3.84,3.6992,692.736,540.192,MESCHA,1920,1088
task_19-01-2021/2021-01-19-11-36-19.jpg,737.088,92.48,1032.384,515.0592,MESCHA,1920,1088
task_19-01-2021/2021-01-19-11-36-21.jpg,629.184,57.7728,982.272,518.8672,MESCHA,1920,1088
task_19-01-2021/2021-01-19-11-36-26.jpg,918.528,196.7104,1898.88,777.4848,MESCHA,1920,1088
task_19-01-2021/2021-01-19-11-36-29.jpg,791.232,82.7968,1642.176,675.2128,MESCHA,1920,1088
task_19-01-2021/2021-01-19-11-36-31.jpg,754.56,82.7968,1190.592,611.5648,MESCHA,1920,1088
task_19-01-2021/2021-01-19-11-36-32.jpg,810.432,206.2848,1169.472,576.8576,MESCHA,1920,1088
task_19-01-2021/2021-01-19-11-36-34.jpg,540.288,190.8352,1188.672,576.8576,MESCHA,1920,1088
task_19-01-2021/2021-01-19-11-36-38.jpg,698.496,194.752,1128.96,549.7664,MESCHA,1920,1088
task_19-01-2021/2021-01-19-11-36-51.jpg,808.512,80.8384,1123.008,555.5328,MESCHA,1920,1088
task_19-01-2021/2021-01-19-11-36-58.jpg,395.712,150.3616,1177.152,511.2512,MESCHA,1920,1088
task_19-01-2021/2021-01-19-11-37-11.jpg,1005.312,77.0304,1248.576,486.1184,MESCHA,1920,1088
task_19-01-2021/2021-01-19-11-37-23.jpg,941.76,69.3056,1727.04,576.8576,MESCHA,1920,1088
task_19-01-2021/2021-01-19-11-37-25.jpg,989.952,132.9536,1730.88,590.3488,MESCHA,1920,1088
task_19-01-2021/2021-01-19-11-37-28.jpg,912.768,177.344,1694.208,557.4912,MESCHA,1920,1088
task_19-01-2021/2021-01-19-11-37-47.jpg,824.064,26.8736,1325.76,412.7872,MESCHA,1920,1088
task_19-01-2021/2021-01-19-11-37-51.jpg,314.496,67.3472,1018.944,530.5088,MESCHA,1920,1088
task_19-01-2021/2021-01-19-11-37-53.jpg,250.944,105.9712,1086.336,524.7424,MESCHA,1920,1088
task_19-01-2021/2021-01-19-11-37-55.jpg,322.368,138.8288,997.632,547.9168,MESCHA,1920,1088
task_19-01-2021/2021-01-19-11-37-56.jpg,754.56,136.8704,1159.68,717.6448,MESCHA,1920,1088
task_19-01-2021/2021-01-19-11-37-59.jpg,777.6,187.0272,1167.552,794.8928,MESCHA,1920,1088
task_19-01-2021/2021-01-19-11-38-03.jpg,669.696,277.6576,1692.288,713.8368,MESCHA,1920,1088
task_19-01-2021/2021-01-19-11-38-05.jpg,631.104,217.9264,1680.768,709.92,MESCHA,1920,1088
task_19-01-2021/2021-01-19-11-38-07.jpg,600.192,233.376,1622.784,709.92,MESCHA,1920,1088
task_19-01-2021/2021-01-19-11-38-10.jpg,540.288,129.1456,1593.984,709.92,MESCHA,1920,1088
task_19-01-2021/2021-01-19-11-38-12.jpg,650.304,144.5952,1343.04,769.76,MESCHA,1920,1088
task_19-01-2021/2021-01-19-11-38-14.jpg,656.064,188.9856,1099.968,816.1088,MESCHA,1920,1088
task_19-01-2021/2021-01-19-11-38-16.jpg,523.008,146.5536,881.856,598.0736,MESCHA,1920,1088
task_19-01-2021/2021-01-19-11-38-18.jpg,297.216,171.5776,839.424,588.3904,MESCHA,1920,1088
task_19-01-2021/2021-01-19-11-38-20.jpg,337.728,100.2048,721.728,459.136,MESCHA,1920,1088
task_19-01-2021/2021-01-19-11-38-23.jpg,463.104,67.3472,694.656,428.2368,MESCHA,1920,1088
task_19-01-2021/2021-01-19-11-38-36.jpg,1.92,158.0864,546.048,659.7632,MESNON,1920,1088
task_19-01-2021/2021-01-19-11-38-56.jpg,576.96,132.9536,1227.264,524.7424,MESNON,1920,1088
task_19-01-2021/2021-01-19-11-40-06.jpg,1493.568,169.6192,1918.08,613.5232,MESCHA,1920,1088
task_19-01-2021/2021-01-19-11-40-15.jpg,596.352,3.6992,1055.616,468.7104,MESCHA,1920,1088
task_19-01-2021/2021-01-19-11-40-19.jpg,633.024,24.9152,1015.104,499.6096,MESCHA,1920,1088
task_19-01-2021/2021-01-19-11-40-21.jpg,633.024,42.3232,1038.144,534.3168,MESCHA,1920,1088
task_19-01-2021/2021-01-19-11-40-24.jpg,600.192,96.288,881.856,570.9824,MESCHA,1920,1088
task_19-01-2021/2021-01-19-11-40-28.jpg,438.144,146.5536,980.352,563.2576,MESCHA,1920,1088
task_19-01-2021/2021-01-19-11-40-30.jpg,534.528,109.7792,937.92,584.5824,MESCHA,1920,1088
task_19-01-2021/2021-01-19-11-40-32.jpg,497.856,38.4064,912.768,590.3488,MESCHA,1920,1088
task_19-01-2021/2021-01-19-11-40-34.jpg,567.36,109.7792,868.416,584.5824,MESCHA,1920,1088
task_19-01-2021/2021-01-19-11-40-37.jpg,1119.168,65.4976,1914.24,1014.8864,MESCHA,1920,1088
task_19-01-2021/2021-01-19-11-40-39.jpg,791.232,302.7904,1661.376,794.8928,MESCHA,1920,1088
task_19-01-2021/2021-01-19-11-40-43.jpg,710.208,254.592,1412.544,729.2864,MESCHA,1920,1088
task_19-01-2021/2021-01-19-11-40-48.jpg,519.168,169.6192,953.28,632.7808,MESCHA,1920,1088
task_19-01-2021/2021-01-19-11-40-49.jpg,712.128,125.2288,1215.744,709.92,MESCHA,1920,1088
task_19-01-2021/2021-01-19-11-40-51.jpg,874.176,142.6368,1209.984,735.0528,MESCHA,1920,1088
task_19-01-2021/2021-01-19-11-40-53.jpg,675.072,289.7344,1344.192,1088.0,MESCHA,1920,1088
task_19-01-2021/2021-01-19-11-41-47.jpg,1.92,84.7552,762.24,526.592,MESBLE,1920,1088
task_19-01-2021/2021-01-19-11-41-58.jpg,202.56,98.2464,845.184,437.92,MESBLE,1920,1088
task_19-01-2021/2021-01-19-11-42-01.jpg,895.296,104.0128,1493.568,530.5088,MESBLE,1920,1088
task_19-01-2021/2021-01-19-11-42-04.jpg,895.296,171.5776,1603.584,636.5888,MESBLE,1920,1088
task_19-01-2021/2021-01-19-11-44-40.jpg,712.128,129.1456,1182.912,418.5536,MESNON,1920,1088
task_19-01-2021/2021-01-19-11-45-17.jpg,3.84,44.2816,905.088,594.1568,MESCHA,1920,1088
task_19-01-2021/2021-01-19-11-45-18.jpg,189.12,117.504,878.016,486.1184,MESCHA,1920,1088
task_19-01-2021/2021-01-19-11-45-31.jpg,1821.12,302.3552,1920.0,717.1008,MESCHA,1920,1088
task_19-01-2021/2021-01-19-11-45-34.jpg,1032.384,96.288,1676.928,667.488,MESCHA,1920,1088
task_19-01-2021/2021-01-19-11-45-36.jpg,740.928,115.6544,1339.2,538.2336,MESCHA,1920,1088
task_19-01-2021/2021-01-19-11-45-37.jpg,613.632,107.9296,1072.896,491.8848,MESCHA,1920,1088
task_19-01-2021/2021-01-19-11-46-30.jpg,1.92,88.5632,768.0,700.3456,MESCHA,1920,1088
task_19-01-2021/2021-01-19-11-46-31.jpg,192.96,82.7968,897.408,534.3168,MESCHA,1920,1088
task_19-01-2021/2021-01-19-11-46-41.jpg,1175.232,221.7344,1918.08,598.0736,MESCHA,1920,1088
task_19-01-2021/2021-01-19-11-46-53.jpg,5.76,5.6576,1918.08,1088.0,MESCHA,1920,1088
task_19-01-2021/2021-01-19-11-46-58.jpg,1595.904,244.9088,1918.08,717.6448,MESCHA,1920,1088
task_19-01-2021/2021-01-19-11-47-02.jpg,1418.304,38.4064,1916.16,615.3728,MESCHA,1920,1088
task_19-01-2021/2021-01-19-11-47-10.jpg,1155.84,161.8944,1864.128,563.2576,MESCHA,1920,1088
task_19-01-2021/2021-01-19-11-47-12.jpg,941.76,125.2288,1545.6,478.3936,MESCHA,1920,1088
task_19-01-2021/2021-01-19-11-47-18.jpg,322.368,169.6192,1017.024,680.9792,MESCHA,1920,1088
task_19-01-2021/2021-01-19-11-47-30.jpg,1292.928,96.288,1592.064,518.8672,MESCHA,1920,1088
task_19-01-2021/2021-01-19-11-47-36.jpg,1289.088,84.7552,1918.08,605.7984,MESCHA,1920,1088
task_19-01-2021/2021-01-19-11-47-38.jpg,1391.232,75.072,1918.08,638.5472,MESCHA,1920,1088
task_19-01-2021/2021-01-19-11-47-54.jpg,175.68,55.8144,874.176,518.8672,MESBLE,1920,1088
task_19-01-2021/2021-01-19-11-47-57.jpg,1225.344,229.4592,1781.184,1084.3008,MESBLE,1920,1088
task_19-01-2021/2021-01-19-11-47-59.jpg,353.088,503.5264,1570.752,1028.3776,MESBLE,1920,1088
task_19-01-2021/2021-01-19-11-48-42.jpg,499.776,146.5536,847.104,486.1184,MESBLE,1920,1088
task_19-01-2021/2021-01-19-11-52-38.jpg,121.536,67.3472,634.944,393.5296,MESCHA,1920,1088
task_19-01-2021/2021-01-19-11-52-45.jpg,824.064,1.7408,1424.064,459.136,MESCHA,1920,1088
task_19-01-2021/2021-01-19-11-52-48.jpg,934.08,44.2816,1609.344,488.0768,MESCHA,1920,1088
task_19-01-2021/2021-01-19-11-52-51.jpg,1352.64,138.8288,1711.68,598.0736,MESCHA,1920,1088
task_19-01-2021/2021-01-19-11-52-52.jpg,1333.44,121.4208,1738.56,603.84,MESCHA,1920,1088
task_19-01-2021/2021-01-19-11-52-57.jpg,1296.768,196.7104,1858.368,603.84,MESCHA,1920,1088
task_19-01-2021/2021-01-19-11-53-01.jpg,1285.248,196.7104,1808.064,601.8816,MESCHA,1920,1088
task_19-01-2021/2021-01-19-11-53-03.jpg,1198.272,175.4944,1765.632,603.84,MESCHA,1920,1088
task_19-01-2021/2021-01-19-11-53-05.jpg,1142.4,225.6512,1916.16,607.648,MESCHA,1920,1088
task_19-01-2021/2021-01-19-11-53-08.jpg,1190.592,192.7936,1918.08,609.6064,MESCHA,1920,1088
task_19-01-2021/2021-01-19-11-53-10.jpg,1171.392,212.16,1918.08,615.3728,MESCHA,1920,1088
task_19-01-2021/2021-01-19-11-53-13.jpg,1213.824,96.9408,1692.48,577.6192,MESCHA,1920,1088
task_19-01-2021/2021-01-19-11-53-15.jpg,1086.336,119.4624,1883.328,638.5472,MESCHA,1920,1088
task_19-01-2021/2021-01-19-11-53-16.jpg,1192.512,131.104,1771.392,640.5056,MESCHA,1920,1088
task_19-01-2021/2021-01-19-11-53-18.jpg,1314.048,160.0448,1773.312,760.0768,MESCHA,1920,1088
task_19-01-2021/2021-01-19-11-53-21.jpg,690.816,96.288,1489.728,572.9408,MESCHA,1920,1088
task_19-01-2021/2021-01-19-11-53-23.jpg,727.488,82.7968,1514.88,569.1328,MESCHA,1920,1088
task_19-01-2021/2021-01-19-11-53-28.jpg,1015.104,156.128,1848.576,605.7984,MESCHA,1920,1088
task_19-01-2021/2021-01-19-11-53-55.jpg,860.736,7.5072,1497.408,464.9024,MESCHA,1920,1088
task_19-01-2021/2021-01-19-11-53-57.jpg,1300.608,187.0272,1912.32,640.5056,MESCHA,1920,1088
task_19-01-2021/2021-01-19-11-54-02.jpg,1314.048,150.3616,1918.08,671.4048,MESCHA,1920,1088
task_19-01-2021/2021-01-19-11-54-06.jpg,783.552,86.7136,1624.704,580.6656,MESCHA,1920,1088
task_19-01-2021/2021-01-19-11-54-08.jpg,1.92,67.3472,569.28,636.5888,MESCHA,1920,1088
task_19-01-2021/2021-01-19-11-54-10.jpg,0.0,59.6224,820.224,437.92,MESCHA,1920,1088
task_19-01-2021/2021-01-19-11-54-12.jpg,457.152,0.0,949.056,483.1808,MESCHA,1920,1088
task_19-01-2021/2021-01-19-11-54-14.jpg,412.992,84.7552,1175.232,507.3344,MESCHA,1920,1088
task_19-01-2021/2021-01-19-11-54-16.jpg,633.984,0.544,1285.056,509.728,MESCHA,1920,1088
task_19-01-2021/2021-01-19-11-54-18.jpg,550.08,19.1488,1246.656,515.0592,MESCHA,1920,1088
task_19-01-2021/2021-01-19-11-54-20.jpg,523.008,15.232,1273.536,520.8256,MESCHA,1920,1088
task_19-01-2021/2021-01-19-11-54-29.jpg,588.672,105.9712,1302.528,517.0176,MESCHA,1920,1088
task_19-01-2021/2021-01-19-11-54-32.jpg,1289.088,117.504,1634.496,532.4672,MESCHA,1920,1088
task_19-01-2021/2021-01-19-11-54-39.jpg,1132.8,94.4384,1918.08,488.0768,MESCHA,1920,1088
task_19-01-2021/2021-01-19-11-54-44.jpg,1022.784,51.8976,1385.472,522.784,MESCHA,1920,1088
task_19-01-2021/2021-01-19-11-54-46.jpg,937.92,5.6576,1518.72,557.4912,MESCHA,1920,1088
task_19-01-2021/2021-01-19-11-54-48.jpg,775.68,55.8144,1292.928,391.5712,MESCHA,1920,1088
task_19-01-2021/2021-01-19-11-55-55.jpg,389.76,1.7408,818.304,343.3728,MESNON,1920,1088
task_19-01-2021/2021-01-19-11-55-58.jpg,858.816,140.6784,1464.576,484.16,MESNON,1920,1088
task_19-01-2021/2021-01-19-11-56-20.jpg,1507.008,285.3824,1916.16,667.488,MESNON,1920,1088
task_19-01-2021/2021-01-19-11-56-22.jpg,1358.592,260.3584,1918.08,615.3728,MESNON,1920,1088
task_19-01-2021/2021-01-19-11-56-40.jpg,495.936,215.968,748.8,505.376,MESNON,1920,1088
task_19-01-2021/2021-01-19-11-56-42.jpg,285.696,65.4976,941.76,462.944,MESNON,1920,1088
task_19-01-2021/2021-01-19-11-56-44.jpg,629.184,158.0864,962.88,578.7072,MESNON,1920,1088
task_19-01-2021/2021-01-19-11-56-45.jpg,517.248,136.8704,1279.296,619.2896,MESNON,1920,1088
task_19-01-2021/2021-01-19-12-00-08.jpg,3.84,266.1248,669.696,632.7808,MESCHA,1920,1088
task_19-01-2021/2021-01-19-12-00-57.jpg,1499.328,335.648,1916.16,735.0528,ROUGOR,1920,1088
task_19-01-2021/2021-01-19-12-01-04.jpg,1163.712,104.0128,1914.24,613.5232,ROUGOR,1920,1088
task_19-01-2021/2021-01-19-12-01-05.jpg,922.368,3.6992,1541.76,553.6832,ROUGOR,1920,1088
task_19-01-2021/2021-01-19-12-01-07.jpg,445.824,1.7408,1067.136,553.6832,ROUGOR,1920,1088
task_19-01-2021/2021-01-19-12-01-09.jpg,438.144,3.6992,1076.736,545.9584,ROUGOR,1920,1088
task_19-01-2021/2021-01-19-12-01-11.jpg,426.432,57.7728,1018.944,526.592,ROUGOR,1920,1088
task_19-01-2021/2021-01-19-12-01-19.jpg,418.752,75.072,798.912,507.3344,ROUGOR,1920,1088
task_19-01-2021/2021-01-19-12-01-24.jpg,337.728,22.9568,1078.656,528.5504,ROUGOR,1920,1088
task_19-01-2021/2021-01-19-12-02-18.jpg,1.92,105.9712,928.128,713.8368,MESCHA,1920,1088
task_19-01-2021/2021-01-19-12-02-20.jpg,38.592,86.7136,980.352,704.1536,MESCHA,1920,1088
task_19-01-2021/2021-01-19-12-02-26.jpg,997.632,65.4976,1534.08,542.0416,MESCHA,1920,1088
task_19-01-2021/2021-01-19-12-02-30.jpg,559.68,19.1488,1618.944,962.5536,MESCHA,1920,1088
task_19-01-2021/2021-01-19-12-05-18.jpg,30.912,36.5568,1084.416,1020.6528,MESCHA,1920,1088
task_19-01-2021/2021-01-19-12-05-20.jpg,586.56,34.5984,1318.08,517.0176,MESCHA,1920,1088
task_19-01-2021/2021-01-19-12-05-25.jpg,3.84,250.6752,945.6,914.464,MESCHA,1920,1088
task_19-01-2021/2021-01-19-12-05-28.jpg,1240.704,156.128,1646.016,491.8848,MESCHA,1920,1088
task_19-01-2021/2021-01-19-12-06-30.jpg,335.808,136.8704,727.488,563.2576,MESNON,1920,1088
task_19-01-2021/2021-01-19-12-06-32.jpg,899.328,107.9296,1483.968,434.0032,MESNON,1920,1088
task_19-01-2021/2021-01-19-12-06-51.jpg,843.264,192.7936,1578.432,727.328,MESCHA,1920,1088
task_19-01-2021/2021-01-19-12-06-53.jpg,773.76,105.9712,1001.472,383.8464,MESCHA,1920,1088
task_19-01-2021/2021-01-19-12-07-46.jpg,555.84,109.7792,1356.672,547.9168,MESCHA,1920,1088
task_19-01-2021/2021-01-19-12-07-48.jpg,440.064,69.3056,706.368,391.5712,MESCHA,1920,1088
task_19-01-2021/2021-01-19-12-07-50.jpg,281.856,59.6224,972.672,385.8048,MESCHA,1920,1088
task_19-01-2021/2021-01-19-12-08-12.jpg,739.008,5.6576,1086.336,453.2608,MESCHA,1920,1088
task_19-01-2021/2021-01-19-12-08-29.jpg,1188.672,92.48,1779.264,524.7424,MESCHA,1920,1088
task_19-01-2021/2021-01-19-12-08-31.jpg,1310.208,71.264,1785.024,652.0384,MESCHA,1920,1088
task_19-01-2021/2021-01-19-12-08-33.jpg,258.624,302.7904,1516.8,1078.5344,MESCHA,1920,1088
task_19-01-2021/2021-01-19-12-08-50.jpg,777.6,22.9568,1427.904,395.3792,MESCHA,1920,1088
task_19-01-2021/2021-01-19-12-17-45.jpg,1383.552,410.8288,1920.0,897.056,ROUGOR,1920,1088
task_19-01-2021/2021-01-19-12-17-47.jpg,1447.296,80.8384,1918.08,924.1472,ROUGOR,1920,1088
task_19-01-2021/2021-01-19-12-17-48.jpg,1223.424,117.504,1918.08,721.5616,ROUGOR,1920,1088
task_19-01-2021/2021-01-19-12-17-51.jpg,725.568,1.7408,1620.864,565.216,ROUGOR,1920,1088
task_19-01-2021/2021-01-19-12-17-53.jpg,781.632,105.9712,1622.784,576.8576,ROUGOR,1920,1088
task_19-01-2021/2021-01-19-12-17-55.jpg,781.632,57.7728,1609.344,609.6064,ROUGOR,1920,1088
task_19-01-2021/2021-01-19-12-17-56.jpg,798.912,75.072,1404.864,567.1744,ROUGOR,1920,1088
task_19-01-2021/2021-01-19-12-18-04.jpg,781.632,21.1072,1294.848,578.7072,ROUGOR,1920,1088
task_19-01-2021/2021-01-19-12-18-06.jpg,796.992,13.3824,1117.248,472.6272,ROUGOR,1920,1088
task_19-01-2021/2021-01-19-12-18-15.jpg,735.168,117.504,1150.08,445.536,ROUGOR,1920,1088
task_19-01-2021/2021-01-19-12-18-20.jpg,783.552,92.48,1061.376,445.536,ROUGOR,1920,1088
task_19-01-2021/2021-01-19-12-18-26.jpg,440.064,368.3968,945.6,1086.2592,MESNON,1920,1088
task_19-01-2021/2021-01-19-12-18-28.jpg,779.712,115.6544,1221.504,617.3312,MESNON,1920,1088
task_19-01-2021/2021-01-19-12-18-29.jpg,760.32,9.4656,1248.576,428.2368,MESNON,1920,1088
task_19-01-2021/2021-01-19-12-23-59.jpg,69.504,156.128,804.672,790.976,MESNON,1920,1088
task_19-01-2021/2021-01-19-12-24-01.jpg,1717.44,325.9648,1916.16,667.488,MESNON,1920,1088
task_19-01-2021/2021-01-19-12-25-09.jpg,3.84,5.6576,775.68,459.136,MESCHA,1920,1088
task_19-01-2021/2021-01-19-12-25-16.jpg,702.144,0.0,1323.456,470.6688,MESCHA,1920,1088
task_19-01-2021/2021-01-19-12-25-19.jpg,708.288,0.0,1379.712,495.8016,MESCHA,1920,1088
task_19-01-2021/2021-01-19-12-25-20.jpg,982.272,7.5072,1327.68,507.3344,MESCHA,1920,1088
task_19-01-2021/2021-01-19-12-25-24.jpg,719.808,92.48,1495.488,530.5088,MESCHA,1920,1088
task_19-01-2021/2021-01-19-12-25-27.jpg,627.264,38.4064,1134.72,526.592,MESCHA,1920,1088
task_19-01-2021/2021-01-19-12-25-29.jpg,557.76,123.2704,1234.944,594.1568,MESCHA,1920,1088
task_19-01-2021/2021-01-19-12-25-31.jpg,567.36,100.2048,1441.536,605.7984,MESCHA,1920,1088
task_19-01-2021/2021-01-19-12-25-32.jpg,988.032,98.2464,1277.376,520.8256,MESCHA,1920,1088
task_19-01-2021/2021-01-19-12-25-34.jpg,1364.352,187.0272,1858.368,877.7984,MESCHA,1920,1088
task_19-01-2021/2021-01-19-12-25-36.jpg,820.032,163.5264,1920.0,994.432,MESCHA,1920,1088
task_19-01-2021/2021-01-19-12-25-39.jpg,1.92,53.856,800.832,551.7248,MESCHA,1920,1088
task_19-01-2021/2021-01-19-12-27-12.jpg,399.552,134.912,808.512,470.6688,MESCHA,1920,1088
task_19-01-2021/2021-01-19-12-30-59.jpg,57.984,88.672,480.576,545.8496,MESNON,1920,1088
task_19-01-2021/2021-01-19-12-31-01.jpg,611.712,46.24,1127.04,418.5536,MESNON,1920,1088
task_19-01-2021/2021-01-19-12-31-15.jpg,1.92,129.1456,883.776,831.4496,MESNON,1920,1088
task_19-01-2021/2021-01-19-12-32-01.jpg,111.936,88.5632,708.288,530.5088,MESNON,1920,1088
task_19-01-2021/2021-01-19-12-33-08.jpg,1036.224,98.2464,1532.16,648.2304,MESBLE,1920,1088
task_19-01-2021/2021-01-19-12-34-13.jpg,845.184,167.6608,1291.008,530.5088,MESBLE,1920,1088
task_19-01-2021/2021-01-19-12-34-28.jpg,213.888,388.5248,678.912,1088.0,MESBLE,1920,1088
task_19-01-2021/2021-01-19-12-34-30.jpg,597.12,428.2368,1744.512,1088.0,MESBLE,1920,1088
task_19-01-2021/2021-01-19-12-36-07.jpg,1117.248,135.6736,1847.808,592.1984,MESBLE,1920,1088
task_19-01-2021/2021-01-19-12-36-09.jpg,588.672,3.6992,1341.12,530.5088,MESCHA,1920,1088
task_19-01-2021/2021-01-19-12-37-31.jpg,353.088,84.7552,1045.824,482.3104,ROUGOR,1920,1088
task_19-01-2021/2021-01-19-12-37-46.jpg,619.392,1.9584,1065.216,430.848,ROUGOR,1920,1088
task_19-01-2021/2021-01-19-12-37-55.jpg,839.424,0.0,1165.44,457.1776,ROUGOR,1920,1088
task_19-01-2021/2021-01-19-12-38-00.jpg,837.504,0.0,1188.672,503.5264,ROUGOR,1920,1088
task_19-01-2021/2021-01-19-12-38-02.jpg,816.384,0.0,1507.008,476.544,ROUGOR,1920,1088
task_19-01-2021/2021-01-19-12-38-06.jpg,982.272,0.0,1545.792,426.2784,ROUGOR,1920,1088
task_19-01-2021/2021-01-19-12-38-11.jpg,1319.808,15.232,1617.024,509.2928,ROUGOR,1920,1088
task_19-01-2021/2021-01-19-12-38-15.jpg,847.104,3.6992,1474.368,499.6096,ROUGOR,1920,1088
task_19-01-2021/2021-01-19-12-38-25.jpg,631.104,1.7408,1260.096,470.6688,ROUGOR,1920,1088
task_19-01-2021/2021-01-19-12-38-46.jpg,401.472,0.0,852.864,582.624,ROUGOR,1920,1088
task_19-01-2021/2021-01-19-12-38-51.jpg,140.928,59.6224,798.912,590.3488,MESCHA,1920,1088
task_19-01-2021/2021-01-19-12-38-53.jpg,955.2,102.0544,1213.824,449.4528,MESCHA,1920,1088
task_19-01-2021/2021-01-19-12-38-55.jpg,924.288,28.832,1231.104,466.752,MESCHA,1920,1088
task_19-01-2021/2021-01-19-12-38-59.jpg,831.744,132.9536,1549.44,451.4112,MESCHA,1920,1088
task_19-01-2021/2021-01-19-12-39-01.jpg,1250.496,142.6368,1572.672,580.6656,MESCHA,1920,1088
task_19-01-2021/2021-01-19-12-39-03.jpg,893.568,225.6512,1447.296,935.68,MESCHA,1920,1088
task_19-01-2021/2021-01-19-12-42-28.jpg,359.04,40.3648,1090.368,491.8848,MESCHA,1920,1088
task_19-01-2021/2021-01-19-12-49-35.jpg,1494.336,33.8368,1920.0,623.8592,MESCHA,1920,1088
task_19-01-2021/2021-01-19-12-49-37.jpg,1159.872,42.3232,1698.048,464.9024,MESCHA,1920,1088
task_19-01-2021/2021-01-19-12-49-39.jpg,285.696,123.2704,947.52,648.2304,MESCHA,1920,1088
task_19-01-2021/2021-01-19-12-49-43.jpg,972.672,187.0272,1408.704,545.8496,MESCHA,1920,1088
task_19-01-2021/2021-01-19-12-49-45.jpg,1144.32,40.3648,1597.824,949.28,MESCHA,1920,1088
task_19-01-2021/2021-01-19-12-56-29.jpg,26.688,259.1616,786.816,792.1728,MESBLE,1920,1088
task_19-01-2021/2021-01-19-12-56-32.jpg,359.04,223.6928,1196.352,680.9792,MESBLE,1920,1088
task_19-01-2021/2021-01-19-12-56-35.jpg,1036.224,150.3616,1373.952,684.896,MESBLE,1920,1088
task_19-01-2021/2021-01-19-12-56-38.jpg,275.904,185.0688,949.44,592.1984,MESBLE,1920,1088
task_19-01-2021/2021-01-19-13-01-35.jpg,703.296,1.7408,1308.288,447.0592,ROUGOR,1920,1088
task_19-01-2021/2021-01-19-13-01-48.jpg,1259.328,30.2464,1920.0,702.9568,ROUGOR,1920,1088
task_19-01-2021/2021-01-19-13-01-50.jpg,1228.416,7.616,1867.968,816.1088,ROUGOR,1920,1088
task_19-01-2021/2021-01-19-13-01-51.jpg,1231.104,0.0,1920.0,742.016,ROUGOR,1920,1088
task_19-01-2021/2021-01-19-13-01-54.jpg,879.936,26.8736,1877.568,649.7536,ROUGOR,1920,1088
task_19-01-2021/2021-01-19-13-01-56.jpg,793.152,38.4064,1447.296,513.2096,ROUGOR,1920,1088
task_19-01-2021/2021-01-19-13-01-58.jpg,766.08,0.0,1445.376,528.5504,ROUGOR,1920,1088
task_19-01-2021/2021-01-19-13-02-02.jpg,706.368,111.8464,1514.88,524.7424,ROUGOR,1920,1088
task_19-01-2021/2021-01-19-13-02-04.jpg,613.632,46.1312,1478.208,532.7936,ROUGOR,1920,1088
task_19-01-2021/2021-01-19-13-02-08.jpg,762.24,0.0,1417.152,491.8848,ROUGOR,1920,1088
task_19-01-2021/2021-01-19-13-02-58.jpg,0.0,194.752,754.56,889.44,MESBLE,1920,1088
task_19-01-2021/2021-01-19-13-03-00.jpg,654.144,187.0272,916.608,493.8432,MESBLE,1920,1088
task_19-01-2021/2021-01-19-13-03-03.jpg,308.736,204.4352,930.048,777.4848,MESBLE,1920,1088
task_19-01-2021/2021-01-19-13-08-24.jpg,0.0,43.8464,768.0,597.7472,MESCHA,1920,1088
task_19-01-2021/2021-01-19-13-11-46.jpg,1131.264,0.0,1916.16,621.1392,MESCHA,1920,1088
task_19-01-2021/2021-01-19-13-12-06.jpg,1554.624,488.8384,1916.16,1088.0,MESCHA,1920,1088
task_19-01-2021/2021-01-19-13-12-07.jpg,277.824,266.1248,1431.936,794.8928,MESCHA,1920,1088
task_19-01-2021/2021-01-19-13-12-10.jpg,283.776,237.184,1144.32,816.1088,MESCHA,1920,1088
task_19-01-2021/2021-01-19-13-12-30.jpg,0.0,115.5456,999.936,771.2832,MESCHA,1920,1088
task_19-01-2021/2021-01-19-13-12-32.jpg,717.888,55.8144,1045.824,393.5296,MESCHA,1920,1088
task_19-01-2021/2021-01-19-13-15-19.jpg,397.44,26.8736,710.016,468.7104,MESBLE,1920,1088
task_19-01-2021/2021-01-19-13-15-26.jpg,152.448,134.912,835.584,530.5088,MESBLE,1920,1088
task_19-01-2021/2021-01-19-13-15-36.jpg,75.264,160.0448,779.52,706.112,MESBLE,1920,1088
task_19-01-2021/2021-01-19-13-15-39.jpg,955.2,123.2704,1302.528,478.3936,MESBLE,1920,1088
task_19-01-2021/2021-01-19-13-15-57.jpg,436.032,13.3824,831.744,460.9856,MESBLE,1920,1088
task_19-01-2021/2021-01-19-13-16-03.jpg,283.776,57.664,748.608,509.2928,MESBLE,1920,1088
task_19-01-2021/2021-01-19-13-16-05.jpg,422.592,104.0128,976.32,509.2928,MESBLE,1920,1088
task_19-01-2021/2021-01-19-13-16-08.jpg,397.44,53.856,1032.384,507.3344,MESBLE,1920,1088
task_19-01-2021/2021-01-19-13-16-10.jpg,675.456,119.4624,1331.52,659.7632,MESBLE,1920,1088
task_19-01-2021/2021-01-19-13-16-11.jpg,1298.688,248.8256,1920.0,1084.3008,MESBLE,1920,1088
task_19-01-2021/2021-01-19-13-16-57.jpg,0.0,187.0272,617.472,821.8752,MESCHA,1920,1088
task_19-01-2021/2021-01-19-13-18-27.jpg,976.32,242.9504,1680.768,710.0288,MESCHA,1920,1088
task_19-01-2021/2021-01-19-13-19-26.jpg,908.928,119.4624,1680.768,711.8784,MESCHA,1920,1088
task_19-01-2021/2021-01-19-13-22-23.jpg,376.32,0.0,646.464,414.7456,MESCHA,1920,1088
task_19-01-2021/2021-01-19-13-22-26.jpg,79.296,38.4064,484.416,611.456,MESCHA,1920,1088
task_19-01-2021/2021-01-19-13-22-46.jpg,644.544,123.2704,935.808,540.0832,MESCHA,1920,1088
task_19-01-2021/2021-01-19-13-22-52.jpg,459.264,111.8464,1339.2,619.2896,MESCHA,1920,1088
task_19-01-2021/2021-01-19-13-22-55.jpg,677.376,167.6608,1485.888,611.456,MESCHA,1920,1088
task_19-01-2021/2021-01-19-13-22-57.jpg,696.576,158.0864,1532.16,607.648,MESCHA,1920,1088
task_19-01-2021/2021-01-19-13-23-02.jpg,1057.536,187.0272,1715.52,515.0592,MESCHA,1920,1088
task_19-01-2021/2021-01-19-13-23-26.jpg,623.232,107.9296,1428.096,596.1152,MESCHA,1920,1088
task_19-01-2021/2021-01-19-13-24-04.jpg,808.512,98.2464,1466.688,518.8672,MESCHA,1920,1088
task_19-01-2021/2021-01-19-13-24-06.jpg,630.912,241.1008,1005.312,669.4464,MESBLE,1920,1088
task_19-01-2021/2021-01-19-13-24-08.jpg,314.496,219.776,1115.328,613.5232,MESBLE,1920,1088
task_19-01-2021/2021-01-19-13-25-15.jpg,432.384,188.9856,1227.264,843.0912,MESBLE,1920,1088
task_19-01-2021/2021-01-19-13-32-31.jpg,1084.416,115.5456,1673.088,653.9968,MESCHA,1920,1088
task_19-01-2021/2021-01-19-13-32-32.jpg,910.848,94.4384,1285.248,391.5712,MESCHA,1920,1088
task_19-01-2021/2021-01-19-13-34-03.jpg,0.0,219.776,791.232,684.896,MESBLE,1920,1088
task_19-01-2021/2021-01-19-13-34-05.jpg,798.912,362.6304,1483.968,893.248,MESBLE,1920,1088
task_19-01-2021/2021-01-19-13-34-07.jpg,815.424,406.1504,1869.12,1083.4304,MESBLE,1920,1088
task_19-01-2021/2021-01-19-13-34-09.jpg,1458.816,264.1664,1846.656,682.9376,MESBLE,1920,1088
task_19-01-2021/2021-01-19-13-34-10.jpg,1265.856,196.7104,1532.16,455.2192,MESBLE,1920,1088
task_19-01-2021/2021-01-19-13-35-23.jpg,1098.048,129.1456,1730.88,460.9856,MESBLE,1920,1088
task_19-01-2021/2021-01-19-13-35-40.jpg,301.056,38.4064,775.872,540.0832,MESBLE,1920,1088
task_19-01-2021/2021-01-19-13-35-42.jpg,401.472,46.24,731.328,487.968,MESBLE,1920,1088
task_19-01-2021/2021-01-19-13-35-47.jpg,1298.688,125.3376,1918.08,601.8816,ROUGOR,1920,1088
task_19-01-2021/2021-01-19-13-35-58.jpg,1107.648,113.696,1920.0,476.544,ROUGOR,1920,1088
task_19-01-2021/2021-01-19-13-36-05.jpg,1079.424,1.7408,1799.232,522.3488,ROUGOR,1920,1088
task_19-01-2021/2021-01-19-13-36-08.jpg,951.36,7.5072,1702.08,563.2576,ROUGOR,1920,1088
task_19-01-2021/2021-01-19-13-36-16.jpg,781.44,77.0304,1489.728,545.8496,ROUGOR,1920,1088
task_19-01-2021/2021-01-19-13-36-20.jpg,740.928,171.5776,1599.744,549.7664,ROUGOR,1920,1088
task_19-01-2021/2021-01-19-13-36-22.jpg,793.152,0.0,1547.712,555.6416,ROUGOR,1920,1088
task_19-01-2021/2021-01-19-13-36-24.jpg,611.712,77.0304,1406.784,509.2928,ROUGOR,1920,1088
task_19-01-2021/2021-01-19-13-36-32.jpg,602.112,61.5808,1267.776,497.6512,ROUGOR,1920,1088
task_19-01-2021/2021-01-19-13-36-36.jpg,582.72,40.3648,1323.84,515.0592,ROUGOR,1920,1088
