task_20211109_cescau1/2021-11-09-09-02-39.jpg,1064,203,1350,502,MESNON,1920,1080
task_20211109_cescau1/2021-11-09-09-02-56.jpg,242,218,773,570,MESNON,1920,1080
task_20211109_cescau1/2021-11-09-09-03-18.jpg,740,142,1509,571,MESCHA,1920,1080
task_20211109_cescau1/2021-11-09-09-03-36.jpg,966,198,1198,497,MESCHA,1920,1080
task_20211109_cescau1/2021-11-09-09-03-40.jpg,551,183,838,567,SITTOR,1920,1080
task_20211109_cescau1/2021-11-09-09-03-46.jpg,809,233,1120,497,SITTOR,1920,1080
task_20211109_cescau1/2021-11-09-09-03-50.jpg,1078,235,1754,582,SITTOR,1920,1080
task_20211109_cescau1/2021-11-09-09-04-09.jpg,1059,295,1522,629,MESCHA,1920,1080
task_20211109_cescau1/2021-11-09-09-04-09.jpg,560,142,1026,470,MESNON,1920,1080
task_20211109_cescau1/2021-11-09-09-04-14.jpg,1026,222,1422,485,MESCHA,1920,1080
task_20211109_cescau1/2021-11-09-09-04-27.jpg,672,214,935,460,SITTOR,1920,1080
task_20211109_cescau1/2021-11-09-09-04-32.jpg,634,230,912,498,SITTOR,1920,1080
task_20211109_cescau1/2021-11-09-09-04-36.jpg,804,222,1093,500,SITTOR,1920,1080
task_20211109_cescau1/2021-11-09-09-04-42.jpg,784,176,1120,487,SITTOR,1920,1080
task_20211109_cescau1/2021-11-09-09-04-48.jpg,639,226,916,570,SITTOR,1920,1080
task_20211109_cescau1/2021-11-09-09-04-54.jpg,1200,205,1580,645,SITTOR,1920,1080
task_20211109_cescau1/2021-11-09-09-05-05.jpg,75,241,576,832,MESCHA,1920,1080
task_20211109_cescau1/2021-11-09-09-05-11.jpg,678,373,1752,790,MESCHA,1920,1080
task_20211109_cescau1/2021-11-09-09-05-15.jpg,1228,190,1754,767,MESCHA,1920,1080
task_20211109_cescau1/2021-11-09-09-05-35.jpg,1424,614,1908,1080,MESCHA,1920,1080
task_20211109_cescau1/2021-11-09-09-05-39.jpg,841,208,1593,657,MESCHA,1920,1080
task_20211109_cescau1/2021-11-09-09-05-39.jpg,162,6,469,305,MESCHA,1920,1080
task_20211109_cescau1/2021-11-09-09-05-43.jpg,157,13,472,282,MESCHA,1920,1080
task_20211109_cescau1/2021-11-09-09-05-43.jpg,480,247,1160,724,MESCHA,1920,1080
task_20211109_cescau1/2021-11-09-09-05-47.jpg,997,190,1458,579,MESCHA,1920,1080
task_20211109_cescau1/2021-11-09-09-06-11.jpg,1019,168,1535,657,MESCHA,1920,1080
task_20211109_cescau1/2021-11-09-09-06-28.jpg,982,311,1848,616,MESCHA,1920,1080
task_20211109_cescau1/2021-11-09-09-07-09.jpg,1205,247,1593,570,MESCHA,1920,1080
task_20211109_cescau1/2021-11-09-09-07-14.jpg,872,199,1216,637,MESCHA,1920,1080
task_20211109_cescau1/2021-11-09-09-07-18.jpg,824,404,1780,931,MESCHA,1920,1080
task_20211109_cescau1/2021-11-09-09-07-32.jpg,1010,219,1552,506,MESCHA,1920,1080
task_20211109_cescau1/2021-11-09-09-07-36.jpg,1382,93,1591,539,MESCHA,1920,1080
task_20211109_cescau1/2021-11-09-09-07-36.jpg,822,220,1670,1020,MESCHA,1920,1080
task_20211109_cescau1/2021-11-09-09-07-40.jpg,1075,201,1765,525,MESCHA,1920,1080
task_20211109_cescau1/2021-11-09-09-07-54.jpg,1118,243,1662,510,MESCHA,1920,1080
task_20211109_cescau1/2021-11-09-09-10-13.jpg,940,191,1460,519,MESCHA,1920,1080
task_20211109_cescau1/2021-11-09-09-12-04.jpg,1205,178,1801,811,MESCHA,1920,1080
task_20211109_cescau1/2021-11-09-09-12-04.jpg,488,234,878,556,MESNON,1920,1080
task_20211109_cescau1/2021-11-09-09-12-10.jpg,749,326,1096,718,MESCHA,1920,1080
task_20211109_cescau1/2021-11-09-09-12-46.jpg,986,234,1216,454,MESBLE,1920,1080
task_20211109_cescau1/2021-11-09-09-12-58.jpg,1228,217,1591,510,MESCHA,1920,1080
task_20211109_cescau1/2021-11-09-09-13-13.jpg,683,155,1434,520,MESCHA,1920,1080
task_20211109_cescau1/2021-11-09-09-13-27.jpg,820,182,1266,525,MESBLE,1920,1080
task_20211109_cescau1/2021-11-09-09-13-35.jpg,1183,203,1724,574,MESNON,1920,1080
task_20211109_cescau1/2021-11-09-09-13-52.jpg,1136,259,1671,525,MESCHA,1920,1080
task_20211109_cescau1/2021-11-09-09-14-02.jpg,1207,178,1679,724,MESCHA,1920,1080
task_20211109_cescau1/2021-11-09-09-14-08.jpg,983,189,1395,604,MESCHA,1920,1080
task_20211109_cescau1/2021-11-09-09-14-59.jpg,933,4,1327,560,MESCHA,1920,1080
task_20211109_cescau1/2021-11-09-09-15-04.jpg,1619,827,1916,1080,MESCHA,1920,1080
task_20211109_cescau1/2021-11-09-09-15-09.jpg,931,195,1194,566,MESCHA,1920,1080
task_20211109_cescau1/2021-11-09-09-15-14.jpg,1437,699,1920,1076,MESCHA,1920,1080
task_20211109_cescau1/2021-11-09-09-15-23.jpg,147,299,543,834,MESNON,1920,1080
task_20211109_cescau1/2021-11-09-09-15-27.jpg,552,216,1045,467,MESNON,1920,1080
task_20211109_cescau1/2021-11-09-09-15-32.jpg,1165,241,1750,550,MESCHA,1920,1080
task_20211109_cescau1/2021-11-09-09-15-36.jpg,19,276,730,612,MESBLE,1920,1080
task_20211109_cescau1/2021-11-09-09-15-40.jpg,692,253,1236,753,MESBLE,1920,1080
task_20211109_cescau1/2021-11-09-09-15-44.jpg,701,338,1321,778,MESBLE,1920,1080
task_20211109_cescau1/2021-11-09-09-16-00.jpg,1198,384,1816,686,MESNON,1920,1080
task_20211109_cescau1/2021-11-09-09-16-04.jpg,452,176,883,583,MESNON,1920,1080
task_20211109_cescau1/2021-11-09-09-16-09.jpg,0,208,823,769,MESCHA,1920,1080
task_20211109_cescau1/2021-11-09-09-16-39.jpg,1020,241,1532,550,MESBLE,1920,1080
task_20211109_cescau1/2021-11-09-09-16-56.jpg,1220,161,1586,481,MESCHA,1920,1080
task_20211109_cescau1/2021-11-09-09-17-04.jpg,661,234,1178,566,MESBLE,1920,1080
task_20211109_cescau1/2021-11-09-09-17-41.jpg,290,145,1068,684,MESCHA,1920,1080
task_20211109_cescau1/2021-11-09-09-17-46.jpg,1223,230,1572,718,MESCHA,1920,1080
task_20211109_cescau1/2021-11-09-09-17-46.jpg,379,297,1095,778,MESCHA,1920,1080
task_20211109_cescau1/2021-11-09-09-17-50.jpg,734,170,1240,492,MESCHA,1920,1080
task_20211109_cescau1/2021-11-09-09-17-57.jpg,2,4,1613,1080,MESCHA,1920,1080
task_20211109_cescau1/2021-11-09-09-18-00.jpg,10,10,1914,1080,MESCHA,1920,1080
task_20211109_cescau1/2021-11-09-09-18-09.jpg,939,711,1744,1076,MESCHA,1920,1080
task_20211109_cescau1/2021-11-09-09-18-19.jpg,983,176,1223,527,MESCHA,1920,1080
task_20211109_cescau1/2021-11-09-09-18-23.jpg,1555,125,1918,798,MESNON,1920,1080
task_20211109_cescau1/2021-11-09-09-18-23.jpg,742,147,954,577,MESBLE,1920,1080
task_20211109_cescau1/2021-11-09-09-18-27.jpg,1107,176,1650,583,MESCHA,1920,1080
task_20211109_cescau1/2021-11-09-09-19-04.jpg,1236,263,1638,562,MESCHA,1920,1080
task_20211109_cescau1/2021-11-09-09-19-09.jpg,522,205,958,494,MESNON,1920,1080
task_20211109_cescau1/2021-11-09-09-19-15.jpg,1128,197,1775,529,MESCHA,1920,1080
task_20211109_cescau1/2021-11-09-09-19-24.jpg,493,226,993,450,MESNON,1920,1080
task_20211109_cescau1/2021-11-09-09-19-37.jpg,415,185,1198,695,MESCHA,1920,1080
task_20211109_cescau1/2021-11-09-09-19-42.jpg,711,319,1020,798,MESCHA,1920,1080
task_20211109_cescau1/2021-11-09-09-19-49.jpg,325,166,730,460,SITTOR,1920,1080
task_20211109_cescau1/2021-11-09-09-19-56.jpg,622,127,1041,489,SITTOR,1920,1080
task_20211109_cescau1/2021-11-09-09-20-09.jpg,688,166,1142,523,MESNON,1920,1080
task_20211109_cescau1/2021-11-09-09-20-38.jpg,1140,224,1912,635,MESCHA,1920,1080
task_20211109_cescau1/2021-11-09-09-20-42.jpg,64,137,807,498,MESCHA,1920,1080
task_20211109_cescau1/2021-11-09-09-20-52.jpg,440,152,1221,593,MESCHA,1920,1080
task_20211109_cescau1/2021-11-09-09-21-17.jpg,1142,237,1727,599,MESCHA,1920,1080
task_20211109_cescau1/2021-11-09-09-21-51.jpg,1086,222,1617,529,MESCHA,1920,1080
task_20211109_cescau1/2021-11-09-09-22-00.jpg,948,189,1366,494,MESCHA,1920,1080
task_20211109_cescau1/2021-11-09-09-22-16.jpg,251,118,809,535,MESCHA,1920,1080
task_20211109_cescau1/2021-11-09-09-22-59.jpg,995,208,1265,465,MESCHA,1920,1080
task_20211109_cescau1/2021-11-09-09-22-59.jpg,79,249,713,614,MESNON,1920,1080
task_20211109_cescau1/2021-11-09-09-23-03.jpg,452,218,751,446,MESNON,1920,1080
task_20211109_cescau1/2021-11-09-09-23-26.jpg,216,199,709,475,MESNON,1920,1080
task_20211109_cescau1/2021-11-09-09-23-42.jpg,1207,193,1744,643,ROUGOR,1920,1080
task_20211109_cescau1/2021-11-09-09-23-47.jpg,788,212,1227,440,MESCHA,1920,1080
task_20211109_cescau1/2021-11-09-09-23-54.jpg,788,127,1456,539,MESCHA,1920,1080
task_20211109_cescau1/2021-11-09-09-24-09.jpg,1149,218,1750,545,MESCHA,1920,1080
task_20211109_cescau1/2021-11-09-09-24-13.jpg,1254,210,1725,670,MESCHA,1920,1080
task_20211109_cescau1/2021-11-09-09-24-23.jpg,543,234,790,467,ROUGOR,1920,1080
task_20211109_cescau1/2021-11-09-09-24-30.jpg,734,218,989,566,ROUGOR,1920,1080
task_20211109_cescau1/2021-11-09-09-24-34.jpg,597,154,1142,624,ROUGOR,1920,1080
task_20211109_cescau1/2021-11-09-09-24-38.jpg,551,178,1207,543,MESBLE,1920,1080
task_20211109_cescau1/2021-11-09-09-24-45.jpg,1008,226,1592,670,ROUGOR,1920,1080
task_20211109_cescau1/2021-11-09-09-24-49.jpg,649,290,1300,589,MESNON,1920,1080
task_20211109_cescau1/2021-11-09-09-24-53.jpg,390,305,873,668,MESNON,1920,1080
task_20211109_cescau1/2021-11-09-09-25-04.jpg,1190,255,1740,591,MESNON,1920,1080
task_20211109_cescau1/2021-11-09-09-25-12.jpg,964,230,1213,475,MESCHA,1920,1080
task_20211109_cescau1/2021-11-09-09-25-38.jpg,1078,223,1344,517,MESCHA,1920,1080
task_20211109_cescau1/2021-11-09-09-25-50.jpg,479,246,879,524,MESNON,1920,1080
task_20211109_cescau1/2021-11-09-09-26-19.jpg,1261,204,1837,708,MESCHA,1920,1080
task_20211109_cescau1/2021-11-09-09-26-48.jpg,937,217,1323,524,MESBLE,1920,1080
task_20211109_cescau1/2021-11-09-09-27-29.jpg,1111,268,1346,482,MESCHA,1920,1080
task_20211109_cescau1/2021-11-09-09-27-37.jpg,1153,248,1762,494,MESCHA,1920,1080
task_20211109_cescau1/2021-11-09-09-28-24.jpg,1039,212,1273,472,MESCHA,1920,1080
task_20211109_cescau1/2021-11-09-09-29-45.jpg,539,200,1144,480,MESNON,1920,1080
task_20211109_cescau1/2021-11-09-09-29-58.jpg,898,179,1128,459,MESBLE,1920,1080
task_20211109_cescau1/2021-11-09-09-30-03.jpg,852,257,1028,462,MESNON,1920,1080
task_20211109_cescau1/2021-11-09-09-30-09.jpg,680,163,937,499,MESNON,1920,1080
task_20211109_cescau1/2021-11-09-09-30-17.jpg,1028,206,1211,530,MESNON,1920,1080
task_20211109_cescau1/2021-11-09-09-30-40.jpg,1240,196,1626,648,MESBLE,1920,1080
task_20211109_cescau1/2021-11-09-09-30-45.jpg,1217,177,1713,814,MESCHA,1920,1080
task_20211109_cescau1/2021-11-09-09-30-51.jpg,673,200,1261,450,MESNON,1920,1080
task_20211109_cescau1/2021-11-09-09-30-56.jpg,491,308,817,1080,MESNON,1920,1080
task_20211109_cescau1/2021-11-09-09-31-03.jpg,831,190,1068,480,MESNON,1920,1080
task_20211109_cescau1/2021-11-09-09-31-11.jpg,315,246,1074,615,MESNON,1920,1080
task_20211109_cescau1/2021-11-09-09-31-23.jpg,1285,312,1862,886,MESCHA,1920,1080
task_20211109_cescau1/2021-11-09-09-31-27.jpg,460,167,962,465,MESNON,1920,1080
task_20211109_cescau1/2021-11-09-09-33-54.jpg,133,229,581,652,MESNON,1920,1080
task_20211109_cescau1/2021-11-09-09-34-32.jpg,782,237,1028,579,MESNON,1920,1080
task_20211109_cescau1/2021-11-09-09-38-17.jpg,1174,212,1708,507,MESNON,1920,1080
task_20211109_cescau1/2021-11-09-09-38-52.jpg,52,271,572,752,MESNON,1920,1080
task_20211109_cescau1/2021-11-09-09-39-03.jpg,564,183,1082,494,MESNON,1920,1080
task_20211109_cescau1/2021-11-09-09-39-07.jpg,620,217,848,420,MESNON,1920,1080
task_20211109_cescau1/2021-11-09-09-41-55.jpg,1120,577,1594,1079,MESNON,1920,1080
task_20211109_cescau1/2021-11-09-09-41-59.jpg,803,264,1147,579,MESNON,1920,1080
task_20211109_cescau1/2021-11-09-09-42-05.jpg,410,229,734,459,MESNON,1920,1080
task_20211109_cescau1/2021-11-09-09-42-05.jpg,1257,307,1830,908,MESCHA,1920,1080
task_20211109_cescau1/2021-11-09-09-42-11.jpg,758,309,1208,664,MESCHA,1920,1080
task_20211109_cescau1/2021-11-09-09-42-29.jpg,861,195,1257,463,MESCHA,1920,1080
task_20211109_cescau1/2021-11-09-09-42-35.jpg,579,203,1120,473,MESNON,1920,1080
task_20211109_cescau1/2021-11-09-09-43-11.jpg,681,212,1421,587,SITTOR,1920,1080
task_20211109_cescau1/2021-11-09-09-43-17.jpg,903,191,1264,494,MESCHA,1920,1080
task_20211109_cescau1/2021-11-09-09-43-29.jpg,1108,230,1761,541,MESCHA,1920,1080
task_20211109_cescau1/2021-11-09-09-43-37.jpg,807,247,1079,628,MESCHA,1920,1080
task_20211109_cescau1/2021-11-09-09-43-55.jpg,1239,218,1915,693,MESCHA,1920,1080
task_20211109_cescau1/2021-11-09-09-43-59.jpg,984,288,1305,834,SITTOR,1920,1080
task_20211109_cescau1/2021-11-09-09-44-45.jpg,1234,212,1575,591,MESCHA,1920,1080
task_20211109_cescau1/2021-11-09-09-44-59.jpg,194,210,733,545,MESBLE,1920,1080
task_20211109_cescau1/2021-11-09-09-45-20.jpg,1106,234,1612,483,MESBLE,1920,1080
task_20211109_cescau1/2021-11-09-09-45-24.jpg,1029,191,1649,504,MESCHA,1920,1080
task_20211109_cescau1/2021-11-09-09-45-28.jpg,724,346,1172,761,MESCHA,1920,1080
task_20211109_cescau1/2021-11-09-09-45-37.jpg,575,222,1102,637,SITTOR,1920,1080
task_20211109_cescau1/2021-11-09-09-45-44.jpg,123,239,770,502,MESBLE,1920,1080
task_20211109_cescau1/2021-11-09-09-46-04.jpg,693,243,965,469,SITTOR,1920,1080
task_20211109_cescau1/2021-11-09-09-46-16.jpg,239,201,652,502,MESBLE,1920,1080
task_20211109_cescau1/2021-11-09-09-46-20.jpg,1040,210,1305,587,MESCHA,1920,1080
task_20211109_cescau1/2021-11-09-09-46-33.jpg,720,218,1023,494,SITTOR,1920,1080
task_20211109_cescau1/2021-11-09-09-46-37.jpg,1017,263,1620,637,MESCHA,1920,1080
task_20211109_cescau1/2021-11-09-09-46-41.jpg,318,205,911,477,MESBLE,1920,1080
task_20211109_cescau1/2021-11-09-09-46-57.jpg,260,108,631,601,SITTOR,1920,1080
task_20211109_cescau1/2021-11-09-09-47-00.jpg,731,210,1419,504,SITTOR,1920,1080
task_20211109_cescau1/2021-11-09-09-47-05.jpg,955,187,1226,556,MESCHA,1920,1080
task_20211109_cescau1/2021-11-09-09-47-09.jpg,581,222,880,469,SITTOR,1920,1080
task_20211109_cescau1/2021-11-09-09-47-13.jpg,865,249,1127,490,SITTOR,1920,1080
task_20211109_cescau1/2021-11-09-09-47-20.jpg,824,257,1089,483,SITTOR,1920,1080
task_20211109_cescau1/2021-11-09-09-47-26.jpg,1170,253,1662,512,MESBLE,1920,1080
task_20211109_cescau1/2021-11-09-09-47-36.jpg,1123,210,1792,599,MESCHA,1920,1080
task_20211109_cescau1/2021-11-09-09-47-43.jpg,1264,226,1859,873,ROUGOR,1920,1080
task_20211109_cescau1/2021-11-09-09-47-51.jpg,594,127,1346,693,ROUGOR,1920,1080
task_20211109_cescau1/2021-11-09-09-48-01.jpg,235,247,615,840,SITTOR,1920,1080
task_20211109_cescau1/2021-11-09-09-48-04.jpg,285,220,915,554,SITTOR,1920,1080
task_20211109_cescau1/2021-11-09-09-48-47.jpg,662,218,1174,562,MESCHA,1920,1080
task_20211109_cescau1/2021-11-09-09-49-00.jpg,573,234,1081,500,MESNON,1920,1080
task_20211109_cescau1/2021-11-09-09-49-05.jpg,436,280,969,566,MESNON,1920,1080
task_20211109_cescau1/2021-11-09-09-49-10.jpg,778,259,1141,508,MESCHA,1920,1080
task_20211109_cescau1/2021-11-09-09-49-13.jpg,623,214,921,477,SITTOR,1920,1080
task_20211109_cescau1/2021-11-09-09-49-20.jpg,523,185,838,618,SITTOR,1920,1080
task_20211109_cescau1/2021-11-09-09-49-26.jpg,592,239,911,479,SITTOR,1920,1080
task_20211109_cescau1/2021-11-09-09-49-30.jpg,588,230,876,487,SITTOR,1920,1080
task_20211109_cescau1/2021-11-09-09-49-35.jpg,476,152,1123,504,SITTOR,1920,1080
task_20211109_cescau1/2021-11-09-09-50-00.jpg,702,261,1378,786,MESCHA,1920,1080
task_20211109_cescau1/2021-11-09-09-50-04.jpg,890,195,1201,554,SITTOR,1920,1080
task_20211109_cescau1/2021-11-09-09-50-14.jpg,264,212,1052,552,MESCHA,1920,1080
task_20211109_cescau1/2021-11-09-09-51-07.jpg,73,122,861,525,MESCHA,1920,1080
task_20211109_cescau1/2021-11-09-09-51-21.jpg,140,189,780,610,SITTOR,1920,1080
task_20211109_cescau1/2021-11-09-09-51-25.jpg,633,249,1189,610,SITTOR,1920,1080
task_20211109_cescau1/2021-11-09-09-51-45.jpg,1210,251,1840,628,MESCHA,1920,1080
task_20211109_cescau1/2021-11-09-09-51-55.jpg,1147,218,1751,521,MESCHA,1920,1080
task_20211109_cescau1/2021-11-09-09-51-59.jpg,1429,881,1913,1075,MESCHA,1920,1080
task_20211109_cescau1/2021-11-09-09-52-03.jpg,525,181,969,537,MESCHA,1920,1080
task_20211109_cescau1/2021-11-09-09-52-07.jpg,525,143,1035,525,MESCHA,1920,1080
task_20211109_cescau1/2021-11-09-09-52-59.jpg,281,214,901,545,SITTOR,1920,1080
task_20211109_cescau1/2021-11-09-09-53-03.jpg,569,210,969,591,SITTOR,1920,1080
task_20211109_cescau1/2021-11-09-09-53-16.jpg,44,268,594,796,MESCHA,1920,1080
task_20211109_cescau1/2021-11-09-09-53-19.jpg,720,170,1160,475,MESCHA,1920,1080
task_20211109_cescau1/2021-11-09-09-53-27.jpg,171,166,741,500,MESCHA,1920,1080
task_20211109_cescau1/2021-11-09-09-53-57.jpg,94,276,610,794,MESNON,1920,1080
task_20211109_cescau1/2021-11-09-09-54-12.jpg,610,156,1027,487,MESCHA,1920,1080
task_20211109_cescau1/2021-11-09-09-54-25.jpg,718,210,1054,548,SITTOR,1920,1080
task_20211109_cescau1/2021-11-09-09-54-30.jpg,268,127,799,508,MESCHA,1920,1080
task_20211109_cescau1/2021-11-09-09-55-04.jpg,447,247,984,525,MESNON,1920,1080
task_20211109_cescau1/2021-11-09-09-55-20.jpg,1123,218,1334,490,MESNON,1920,1080
task_20211109_cescau1/2021-11-09-09-55-24.jpg,571,197,911,494,MESNON,1920,1080
task_20211109_cescau1/2021-11-09-09-55-28.jpg,658,154,878,483,MESCHA,1920,1080
task_20211109_cescau1/2021-11-09-09-55-34.jpg,500,181,1071,454,MESNON,1920,1080
task_20211109_cescau1/2021-11-09-09-55-40.jpg,596,218,843,458,SITTOR,1920,1080
task_20211109_cescau1/2021-11-09-09-56-16.jpg,366,266,971,964,MESNON,1920,1080
task_20211109_cescau1/2021-11-09-09-56-36.jpg,233,178,610,711,SITTOR,1920,1080
task_20211109_cescau1/2021-11-09-09-56-40.jpg,297,214,817,511,SITTOR,1920,1080
task_20211109_cescau1/2021-11-09-09-57-42.jpg,682,191,948,553,MESNON,1920,1080
task_20211109_cescau1/2021-11-09-09-58-06.jpg,509,299,1195,659,MESNON,1920,1080
task_20211109_cescau1/2021-11-09-09-58-16.jpg,12,219,651,709,MESNON,1920,1080
task_20211109_cescau1/2021-11-09-09-58-31.jpg,553,235,1036,612,SITTOR,1920,1080
task_20211109_cescau1/2021-11-09-09-58-37.jpg,212,230,750,596,SITTOR,1920,1080
task_20211109_cescau1/2021-11-09-09-59-00.jpg,504,239,911,488,SITTOR,1920,1080
task_20211109_cescau1/2021-11-09-09-59-07.jpg,4,226,691,626,MESNON,1920,1080
task_20211109_cescau1/2021-11-09-09-59-22.jpg,5,299,560,675,MESNON,1920,1080
task_20211109_cescau1/2021-11-09-09-59-27.jpg,502,187,857,513,MESNON,1920,1080
task_20211109_cescau1/2021-11-09-09-59-34.jpg,0,231,674,677,MESNON,1920,1080
task_20211109_cescau1/2021-11-09-10-00-02.jpg,108,177,619,645,SITTOR,1920,1080
task_20211109_cescau1/2021-11-09-10-00-06.jpg,435,226,861,497,SITTOR,1920,1080
task_20211109_cescau1/2021-11-09-10-00-21.jpg,48,237,663,624,MESNON,1920,1080
task_20211109_cescau1/2021-11-09-10-00-25.jpg,150,309,810,730,MESNON,1920,1080
task_20211109_cescau1/2021-11-09-10-01-06.jpg,1255,263,1528,495,MESBLE,1920,1080
task_20211109_cescau1/2021-11-09-10-01-13.jpg,797,226,1333,537,MESNON,1920,1080
task_20211109_cescau1/2021-11-09-10-03-04.jpg,879,205,1248,490,MESCHA,1920,1080
task_20211109_cescau1/2021-11-09-10-03-32.jpg,1117,210,1916,806,PINNOR,1920,1080
task_20211109_cescau1/2021-11-09-10-03-41.jpg,414,200,1073,631,PINNOR,1920,1080
task_20211109_cescau1/2021-11-09-10-03-45.jpg,737,254,1098,534,PINNOR,1920,1080
task_20211109_cescau1/2021-11-09-10-04-06.jpg,928,270,1245,521,SITTOR,1920,1080
task_20211109_cescau1/2021-11-09-10-04-10.jpg,767,242,1208,537,SITTOR,1920,1080
task_20211109_cescau1/2021-11-09-10-04-15.jpg,605,269,889,590,PINNOR,1920,1080
task_20211109_cescau1/2021-11-09-10-04-19.jpg,449,219,1296,658,PINNOR,1920,1080
task_20211109_cescau1/2021-11-09-10-04-48.jpg,711,132,1324,562,PINNOR,1920,1080
task_20211109_cescau1/2021-11-09-10-05-10.jpg,569,143,1250,481,PINNOR,1920,1080
task_20211109_cescau1/2021-11-09-10-05-32.jpg,435,157,794,587,PINNOR,1920,1080
task_20211109_cescau1/2021-11-09-10-05-36.jpg,408,226,932,622,SITTOR,1920,1080
task_20211109_cescau1/2021-11-09-10-05-55.jpg,1264,281,1639,723,MESNON,1920,1080
task_20211109_cescau1/2021-11-09-10-05-59.jpg,889,205,1434,491,MESNON,1920,1080
task_20211109_cescau1/2021-11-09-10-06-06.jpg,843,223,1174,670,MESNON,1920,1080
task_20211109_cescau1/2021-11-09-10-06-28.jpg,118,233,789,608,SITTOR,1920,1080
task_20211109_cescau1/2021-11-09-10-08-20.jpg,713,162,1231,504,MESCHA,1920,1080
task_20211109_cescau1/2021-11-09-10-08-33.jpg,850,226,1128,541,SITTOR,1920,1080
task_20211109_cescau1/2021-11-09-10-09-22.jpg,1328,315,1809,866,MESNON,1920,1080
task_20211109_cescau1/2021-11-09-10-09-27.jpg,1209,253,1616,802,MESCHA,1920,1080
task_20211109_cescau1/2021-11-09-10-09-31.jpg,453,246,1050,500,SITTOR,1920,1080
task_20211109_cescau1/2021-11-09-10-09-45.jpg,1055,237,1284,520,MESNON,1920,1080
task_20211109_cescau1/2021-11-09-10-10-15.jpg,14,254,624,638,MESNON,1920,1080
task_20211109_cescau1/2021-11-09-10-10-42.jpg,820,224,1017,461,MESCHA,1920,1080
task_20211109_cescau1/2021-11-09-10-10-56.jpg,103,228,815,599,MESCHA,1920,1080
task_20211109_cescau1/2021-11-09-10-11-02.jpg,580,233,847,497,SITTOR,1920,1080
task_20211109_cescau1/2021-11-09-10-11-11.jpg,948,207,1480,504,MESCHA,1920,1080
task_20211109_cescau1/2021-11-09-10-11-24.jpg,812,297,1093,627,MESNON,1920,1080
task_20211109_cescau1/2021-11-09-10-11-29.jpg,983,327,1584,677,MESNON,1920,1080
task_20211109_cescau1/2021-11-09-10-11-33.jpg,1197,260,1506,557,MESCHA,1920,1080
task_20211109_cescau1/2021-11-09-10-11-37.jpg,1031,164,1469,767,MESCHA,1920,1080
task_20211109_cescau1/2021-11-09-10-12-00.jpg,925,323,1427,970,MESNON,1920,1080
task_20211109_cescau1/2021-11-09-10-12-10.jpg,1273,219,1680,783,MESCHA,1920,1080
task_20211109_cescau1/2021-11-09-10-12-13.jpg,594,99,1080,709,MESCHA,1920,1080
task_20211109_cescau1/2021-11-09-10-12-18.jpg,194,302,591,848,MESBLE,1920,1080
task_20211109_cescau1/2021-11-09-10-12-18.jpg,1062,368,1756,1078,MESCHA,1920,1080
task_20211109_cescau1/2021-11-09-10-12-25.jpg,789,207,1135,511,MESCHA,1920,1080
task_20211109_cescau1/2021-11-09-10-12-48.jpg,1262,208,1699,882,MESCHA,1920,1080
task_20211109_cescau1/2021-11-09-10-12-48.jpg,477,640,918,1077,MESCHA,1920,1080
task_20211109_cescau1/2021-11-09-10-13-00.jpg,774,194,1211,468,MESCHA,1920,1080
task_20211109_cescau1/2021-11-09-10-13-10.jpg,5,283,652,744,MESNON,1920,1080
task_20211109_cescau1/2021-11-09-10-13-14.jpg,516,106,1147,468,MESCHA,1920,1080
task_20211109_cescau1/2021-11-09-10-13-24.jpg,446,189,1093,589,SITTOR,1920,1080
task_20211109_cescau1/2021-11-09-10-13-57.jpg,133,193,622,619,MESNON,1920,1080
task_20211109_cescau1/2021-11-09-10-14-01.jpg,276,237,854,528,SITTOR,1920,1080
task_20211109_cescau1/2021-11-09-10-14-07.jpg,939,233,1236,500,MESCHA,1920,1080
task_20211109_cescau1/2021-11-09-10-14-15.jpg,1050,247,1443,507,MESNON,1920,1080
task_20211109_cescau1/2021-11-09-10-14-21.jpg,543,173,949,479,MESNON,1920,1080
task_20211109_cescau1/2021-11-09-10-14-56.jpg,1197,217,1835,599,MESCHA,1920,1080
task_20211109_cescau1/2021-11-09-10-15-03.jpg,854,755,1920,1080,MESCHA,1920,1080
task_20211109_cescau1/2021-11-09-10-15-11.jpg,1241,120,1764,949,MESCHA,1920,1080
task_20211109_cescau1/2021-11-09-10-15-32.jpg,163,166,794,467,SITTOR,1920,1080
task_20211109_cescau1/2021-11-09-10-15-39.jpg,923,228,1216,491,MESCHA,1920,1080
task_20211109_cescau1/2021-11-09-10-15-44.jpg,670,166,1093,788,MESCHA,1920,1080
task_20211109_cescau1/2021-11-09-10-16-08.jpg,1073,207,1699,509,MESCHA,1920,1080
task_20211109_cescau1/2021-11-09-10-16-13.jpg,308,200,819,543,MESCHA,1920,1080
task_20211109_cescau1/2021-11-09-10-16-26.jpg,320,307,1050,601,MESNON,1920,1080
task_20211109_cescau1/2021-11-09-10-16-30.jpg,513,224,1119,537,SITTOR,1920,1080
task_20211109_cescau1/2021-11-09-10-16-46.jpg,1211,200,1623,606,MESCHA,1920,1080
task_20211109_cescau1/2021-11-09-10-17-15.jpg,16,265,557,838,MESNON,1920,1080
task_20211109_cescau1/2021-11-09-10-17-25.jpg,1078,3,1695,675,MESCHA,1920,1080
task_20211109_cescau1/2021-11-09-10-17-42.jpg,407,180,739,599,SITTOR,1920,1080
task_20211109_cescau1/2021-11-09-10-18-00.jpg,838,217,1381,491,MESCHA,1920,1080
task_20211109_cescau1/2021-11-09-10-18-05.jpg,796,207,1328,829,MESCHA,1920,1080
task_20211109_cescau1/2021-11-09-10-18-11.jpg,741,189,1333,481,MESNON,1920,1080
task_20211109_cescau1/2021-11-09-10-18-15.jpg,401,228,928,583,MESNON,1920,1080
task_20211109_cescau1/2021-11-09-10-18-19.jpg,1124,267,1639,527,MESBLE,1920,1080
task_20211109_cescau1/2021-11-09-10-19-15.jpg,212,203,796,626,SITTOR,1920,1080
task_20211109_cescau1/2021-11-09-10-19-28.jpg,260,284,661,624,SITTOR,1920,1080
task_20211109_cescau1/2021-11-09-10-19-32.jpg,713,191,978,656,SITTOR,1920,1080
task_20211109_cescau1/2021-11-09-10-19-36.jpg,461,131,817,465,MESCHA,1920,1080
task_20211109_cescau1/2021-11-09-10-19-43.jpg,5,288,562,806,MESNON,1920,1080
task_20211109_cescau1/2021-11-09-10-19-46.jpg,454,106,842,493,MESNON,1920,1080
task_20211109_cescau1/2021-11-09-10-19-50.jpg,1478,665,1848,1080,MESBLE,1920,1080
task_20211109_cescau1/2021-11-09-10-19-55.jpg,179,193,690,463,MESNON,1920,1080
task_20211109_cescau1/2021-11-09-10-20-00.jpg,444,198,757,532,MESNON,1920,1080
task_20211109_cescau1/2021-11-09-10-20-14.jpg,591,217,1257,525,SITTOR,1920,1080
task_20211109_cescau1/2021-11-09-10-20-23.jpg,1269,239,1749,850,MESCHA,1920,1080
task_20211109_cescau1/2021-11-09-10-20-40.jpg,964,219,1199,463,MESNON,1920,1080
task_20211109_cescau1/2021-11-09-10-20-44.jpg,1068,217,1508,486,MESCHA,1920,1080
task_20211109_cescau1/2021-11-09-10-20-59.jpg,1167,207,1724,636,MESCHA,1920,1080
task_20211109_cescau1/2021-11-09-10-21-19.jpg,308,239,822,509,SITTOR,1920,1080
task_20211109_cescau1/2021-11-09-10-21-24.jpg,1006,242,1275,523,SITTOR,1920,1080
task_20211109_cescau1/2021-11-09-10-21-33.jpg,1284,198,1916,751,MESCHA,1920,1080
task_20211109_cescau1/2021-11-09-10-22-27.jpg,472,203,875,463,MESNON,1920,1080
task_20211109_cescau1/2021-11-09-10-22-44.jpg,1101,251,1743,523,MESCHA,1920,1080
task_20211109_cescau1/2021-11-09-10-22-49.jpg,366,217,891,638,SITTOR,1920,1080
task_20211109_cescau1/2021-11-09-10-22-55.jpg,286,263,700,624,SITTOR,1920,1080
task_20211109_cescau1/2021-11-09-10-23-03.jpg,48,242,594,748,MESNON,1920,1080
task_20211109_cescau1/2021-11-09-10-23-14.jpg,1034,129,1280,507,ROUGOR,1920,1080
task_20211109_cescau1/2021-11-09-10-23-19.jpg,979,148,1485,627,ROUGOR,1920,1080
task_20211109_cescau1/2021-11-09-10-23-25.jpg,796,159,1423,638,ROUGOR,1920,1080
task_20211109_cescau1/2021-11-09-10-23-31.jpg,1100,223,1434,582,SITTOR,1920,1080
task_20211109_cescau1/2021-11-09-10-23-36.jpg,571,237,1045,553,SITTOR,1920,1080
task_20211109_cescau1/2021-11-09-10-23-41.jpg,537,194,1139,511,SITTOR,1920,1080
task_20211109_cescau1/2021-11-09-10-23-58.jpg,925,194,1165,444,MESCHA,1920,1080
task_20211109_cescau1/2021-11-09-10-24-05.jpg,1059,180,1651,557,MESCHA,1920,1080
task_20211109_cescau1/2021-11-09-10-24-18.jpg,999,246,1259,488,SITTOR,1920,1080
task_20211109_cescau1/2021-11-09-10-24-56.jpg,568,170,944,507,MESCHA,1920,1080
task_20211109_cescau1/2021-11-09-10-25-03.jpg,624,178,937,518,MESCHA,1920,1080
task_20211109_cescau1/2021-11-09-10-25-10.jpg,39,219,674,617,MESNON,1920,1080
task_20211109_cescau1/2021-11-09-10-25-26.jpg,453,242,893,500,SITTOR,1920,1080
task_20211109_cescau1/2021-11-09-10-25-30.jpg,555,274,1022,636,SITTOR,1920,1080
task_20211109_cescau1/2021-11-09-10-25-35.jpg,145,295,1029,620,SITTOR,1920,1080
task_20211109_cescau1/2021-11-09-10-25-39.jpg,1506,30,1855,518,MESBLE,1920,1080
task_20211109_cescau1/2021-11-09-10-25-39.jpg,265,214,711,523,MESNON,1920,1080
task_20211109_cescau1/2021-11-09-10-26-14.jpg,10,131,758,583,MESCHA,1920,1080
task_20211109_cescau1/2021-11-09-10-26-42.jpg,727,262,1123,723,SITTOR,1920,1080
task_20211109_cescau1/2021-11-09-10-26-50.jpg,827,361,1192,742,SITTOR,1920,1080
task_20211109_cescau1/2021-11-09-10-26-55.jpg,1149,217,1391,576,MESCHA,1920,1080
task_20211109_cescau1/2021-11-09-10-27-06.jpg,5,136,721,693,MESCHA,1920,1080
task_20211109_cescau1/2021-11-09-10-27-10.jpg,751,210,1052,658,MESCHA,1920,1080
task_20211109_cescau1/2021-11-09-10-27-26.jpg,1206,203,1653,576,MESBLE,1920,1080
task_20211109_cescau1/2021-11-09-10-27-34.jpg,629,242,918,571,SITTOR,1920,1080
task_20211109_cescau1/2021-11-09-10-27-40.jpg,767,9,1750,1069,SITTOR,1920,1080
task_20211109_cescau1/2021-11-09-10-27-49.jpg,902,244,1245,502,MESCHA,1920,1080
task_20211109_cescau1/2021-11-09-10-27-54.jpg,1162,246,1634,509,MESNON,1920,1080
task_20211109_cescau1/2021-11-09-10-28-31.jpg,1241,254,1828,841,MESCHA,1920,1080
task_20211109_cescau1/2021-11-09-10-28-40.jpg,1245,286,1756,703,MESNON,1920,1080
task_20211109_cescau1/2021-11-09-10-28-40.jpg,156,224,553,916,MESCHA,1920,1080
task_20211109_cescau1/2021-11-09-10-28-55.jpg,1128,249,1784,536,MESCHA,1920,1080
task_20211109_cescau1/2021-11-09-10-29-00.jpg,1195,251,1641,504,MESNON,1920,1080
task_20211109_cescau1/2021-11-09-10-29-05.jpg,225,233,831,606,SITTOR,1920,1080
task_20211109_cescau1/2021-11-09-10-29-14.jpg,244,203,987,597,SITTOR,1920,1080
task_20211109_cescau1/2021-11-09-10-29-33.jpg,988,170,1738,551,MESCHA,1920,1080
task_20211109_cescau1/2021-11-09-10-30-03.jpg,1663,834,1916,1077,MESCHA,1920,1080
task_20211109_cescau1/2021-11-09-10-30-03.jpg,202,214,751,498,MESBLE,1920,1080
task_20211109_cescau1/2021-11-09-10-30-41.jpg,796,196,1351,578,MESNON,1920,1080
task_20211109_cescau1/2021-11-09-10-30-45.jpg,1397,277,1632,553,MESNON,1920,1080
task_20211109_cescau1/2021-11-09-10-30-52.jpg,486,295,882,603,MESNON,1920,1080
task_20211109_cescau1/2021-11-09-10-30-52.jpg,1124,270,1662,592,MESBLE,1920,1080
task_20211109_cescau1/2021-11-09-10-31-02.jpg,1015,184,1406,509,MESBLE,1920,1080
task_20211109_cescau1/2021-11-09-10-31-16.jpg,1206,194,1733,615,MESBLE,1920,1080
task_20211109_cescau1/2021-11-09-10-31-23.jpg,803,136,1174,562,SITTOR,1920,1080
task_20211109_cescau1/2021-11-09-10-31-29.jpg,1262,330,1692,696,MESNON,1920,1080
task_20211109_cescau1/2021-11-09-10-31-44.jpg,143,262,707,582,MESNON,1920,1080
task_20211109_cescau1/2021-11-09-10-31-48.jpg,331,228,882,445,MESNON,1920,1080
task_20211109_cescau1/2021-11-09-10-32-01.jpg,755,265,1570,528,SITTOR,1920,1080
task_20211109_cescau1/2021-11-09-10-32-11.jpg,306,145,988,548,SITTOR,1920,1080
task_20211109_cescau1/2021-11-09-10-32-16.jpg,120,92,720,788,MESCHA,1920,1080
task_20211109_cescau1/2021-11-09-10-32-44.jpg,78,182,681,610,SITTOR,1920,1080
task_20211109_cescau1/2021-11-09-10-32-49.jpg,753,253,1096,498,SITTOR,1920,1080
task_20211109_cescau1/2021-11-09-10-33-03.jpg,1006,177,1840,645,MESCHA,1920,1080
task_20211109_cescau1/2021-11-09-10-33-07.jpg,334,150,826,580,MESCHA,1920,1080
task_20211109_cescau1/2021-11-09-10-33-34.jpg,1073,198,1586,502,MESCHA,1920,1080
task_20211109_cescau1/2021-11-09-10-33-45.jpg,332,226,672,592,SITTOR,1920,1080
task_20211109_cescau1/2021-11-09-10-33-52.jpg,424,184,873,493,SITTOR,1920,1080
task_20211109_cescau1/2021-11-09-10-34-00.jpg,1020,102,1430,718,MESCHA,1920,1080
task_20211109_cescau1/2021-11-09-10-34-04.jpg,225,288,594,619,MESNON,1920,1080
task_20211109_cescau1/2021-11-09-10-34-04.jpg,1264,290,1665,891,MESCHA,1920,1080
task_20211109_cescau1/2021-11-09-10-34-10.jpg,985,175,1361,682,MESCHA,1920,1080
task_20211109_cescau1/2021-11-09-10-34-31.jpg,88,260,774,569,SITTOR,1920,1080
task_20211109_cescau1/2021-11-09-10-34-35.jpg,394,217,773,560,SITTOR,1920,1080
task_20211109_cescau1/2021-11-09-10-34-42.jpg,953,154,1510,525,MESCHA,1920,1080
task_20211109_cescau1/2021-11-09-10-34-46.jpg,1126,269,1897,620,MESCHA,1920,1080
task_20211109_cescau1/2021-11-09-10-35-18.jpg,1176,253,1683,564,MESCHA,1920,1080
task_20211109_cescau1/2021-11-09-10-35-25.jpg,187,208,872,553,SITTOR,1920,1080
task_20211109_cescau1/2021-11-09-10-35-32.jpg,193,201,734,571,SITTOR,1920,1080
task_20211109_cescau1/2021-11-09-10-35-38.jpg,949,168,1621,564,MESCHA,1920,1080
task_20211109_cescau1/2021-11-09-10-35-44.jpg,838,223,1089,527,MESCHA,1920,1080
task_20211109_cescau1/2021-11-09-10-36-01.jpg,0,203,635,723,MESBLE,1920,1080
task_20211109_cescau1/2021-11-09-10-36-35.jpg,941,184,1216,516,MESCHA,1920,1080
task_20211109_cescau1/2021-11-09-10-36-47.jpg,850,171,1229,490,MESCHA,1920,1080
task_20211109_cescau1/2021-11-09-10-37-02.jpg,88,208,626,589,MESNON,1920,1080
task_20211109_cescau1/2021-11-09-10-37-06.jpg,412,200,964,539,MESNON,1920,1080
task_20211109_cescau1/2021-11-09-10-37-11.jpg,1556,799,1916,1080,MESCHA,1920,1080
task_20211109_cescau1/2021-11-09-10-37-11.jpg,232,0,370,276,MESCHA,1920,1080
task_20211109_cescau1/2021-11-09-10-37-15.jpg,507,233,1084,482,SITTOR,1920,1080
task_20211109_cescau1/2021-11-09-10-37-43.jpg,1126,205,1570,548,MESCHA,1920,1080
task_20211109_cescau1/2021-11-09-10-37-48.jpg,1091,166,1414,474,MESCHA,1920,1080
task_20211109_cescau1/2021-11-09-10-37-52.jpg,778,177,1627,845,MESCHA,1920,1080
task_20211109_cescau1/2021-11-09-10-38-11.jpg,898,380,1766,857,MESCHA,1920,1080
task_20211109_cescau1/2021-11-09-10-38-41.jpg,449,219,838,488,SITTOR,1920,1080
task_20211109_cescau1/2021-11-09-10-38-50.jpg,854,210,1388,544,MESCHA,1920,1080
task_20211109_cescau1/2021-11-09-10-38-58.jpg,1109,221,1612,498,MESBLE,1920,1080
task_20211109_cescau1/2021-11-09-10-39-02.jpg,1123,168,1722,551,MESCHA,1920,1080
task_20211109_cescau1/2021-11-09-10-39-08.jpg,698,200,1107,463,MESCHA,1920,1080
task_20211109_cescau1/2021-11-09-10-39-24.jpg,937,233,1335,468,MESBLE,1920,1080
task_20211109_cescau1/2021-11-09-10-39-32.jpg,888,193,1305,608,MESCHA,1920,1080
task_20211109_cescau1/2021-11-09-10-39-54.jpg,9,117,803,590,MESCHA,1920,1080
task_20211109_cescau1/2021-11-09-10-40-09.jpg,1121,233,1542,1077,MESCHA,1920,1080
task_20211109_cescau1/2021-11-09-10-40-09.jpg,1494,106,1918,661,MESCHA,1920,1080
task_20211109_cescau1/2021-11-09-10-40-14.jpg,1140,212,1807,650,MESCHA,1920,1080
task_20211109_cescau1/2021-11-09-10-40-30.jpg,1024,216,1370,504,MESCHA,1920,1080
task_20211109_cescau1/2021-11-09-10-40-41.jpg,469,170,981,521,MESNON,1920,1080
task_20211109_cescau1/2021-11-09-10-40-46.jpg,690,235,1153,495,MESNON,1920,1080
task_20211109_cescau1/2021-11-09-10-40-56.jpg,433,178,1002,491,SITTOR,1920,1080
task_20211109_cescau1/2021-11-09-10-41-01.jpg,974,129,1466,539,SITTOR,1920,1080
task_20211109_cescau1/2021-11-09-10-41-08.jpg,1596,801,1911,1077,MESCHA,1920,1080
task_20211109_cescau1/2021-11-09-10-41-08.jpg,208,228,580,755,SITTOR,1920,1080
task_20211109_cescau1/2021-11-09-10-41-16.jpg,928,263,1688,610,SITTOR,1920,1080
task_20211109_cescau1/2021-11-09-10-41-21.jpg,875,210,1200,470,MESCHA,1920,1080
task_20211109_cescau1/2021-11-09-10-41-29.jpg,818,290,1172,520,MESNON,1920,1080
task_20211109_cescau1/2021-11-09-10-41-40.jpg,1312,301,1466,609,MESNON,1920,1080
task_20211109_cescau1/2021-11-09-10-41-40.jpg,892,603,1606,1080,MESCHA,1920,1080
task_20211109_cescau1/2021-11-09-10-41-46.jpg,968,231,1293,478,MESNON,1920,1080
task_20211109_cescau1/2021-11-09-10-41-51.jpg,872,220,1640,633,MESCHA,1920,1080
task_20211109_cescau1/2021-11-09-10-41-58.jpg,940,213,1178,490,MESCHA,1920,1080
task_20211109_cescau1/2021-11-09-10-42-04.jpg,1157,195,1560,643,SITTOR,1920,1080
task_20211109_cescau1/2021-11-09-10-42-18.jpg,487,221,850,1078,MESCHA,1920,1080
task_20211109_cescau1/2021-11-09-10-42-22.jpg,815,170,1027,473,MESCHA,1920,1080
task_20211109_cescau1/2021-11-09-10-42-30.jpg,1193,171,1780,625,MESCHA,1920,1080
task_20211109_cescau1/2021-11-09-10-42-37.jpg,617,171,1223,513,MESBLE,1920,1080
task_20211109_cescau1/2021-11-09-10-42-54.jpg,1290,198,1610,586,MESCHA,1920,1080
task_20211109_cescau1/2021-11-09-10-43-18.jpg,718,186,1072,571,MESCHA,1920,1080
task_20211109_cescau1/2021-11-09-10-43-22.jpg,1233,240,1662,895,MESCHA,1920,1080
task_20211109_cescau1/2021-11-09-10-43-22.jpg,222,90,440,465,MESCHA,1920,1080
task_20211109_cescau1/2021-11-09-10-43-26.jpg,178,188,742,645,MESCHA,1920,1080
task_20211109_cescau1/2021-11-09-10-43-36.jpg,972,230,1722,565,MESCHA,1920,1080
task_20211109_cescau1/2021-11-09-10-43-48.jpg,950,220,1162,533,MESCHA,1920,1080
task_20211109_cescau1/2021-11-09-10-43-53.jpg,1093,178,1545,471,MESCHA,1920,1080
task_20211109_cescau1/2021-11-09-10-44-42.jpg,1143,196,1873,686,MESCHA,1920,1080
task_20211109_cescau1/2021-11-09-10-44-51.jpg,960,220,1203,493,MESNON,1920,1080
task_20211109_cescau1/2021-11-09-10-44-56.jpg,1078,233,1503,490,MESCHA,1920,1080
task_20211109_cescau1/2021-11-09-10-45-06.jpg,1008,216,1223,516,MESCHA,1920,1080
task_20211109_cescau1/2021-11-09-10-45-20.jpg,830,205,1233,466,MESCHA,1920,1080
task_20211109_cescau1/2021-11-09-10-45-26.jpg,1000,185,1308,510,MESCHA,1920,1080
task_20211109_cescau1/2021-11-09-10-45-34.jpg,535,256,928,528,MESNON,1920,1080
task_20211109_cescau1/2021-11-09-10-45-38.jpg,777,195,1493,553,MESBLE,1920,1080
task_20211109_cescau1/2021-11-09-10-45-48.jpg,685,205,1015,598,SITTOR,1920,1080
task_20211109_cescau1/2021-11-09-10-45-58.jpg,637,170,992,558,SITTOR,1920,1080
task_20211109_cescau1/2021-11-09-10-46-09.jpg,455,320,1347,792,SITTOR,1920,1080
task_20211109_cescau1/2021-11-09-10-46-16.jpg,420,85,1213,477,MESCHA,1920,1080
task_20211109_cescau1/2021-11-09-10-46-29.jpg,648,205,1420,645,ROUGOR,1920,1080
task_20211109_cescau1/2021-11-09-10-46-36.jpg,938,572,1888,1077,ROUGOR,1920,1080
task_20211109_cescau1/2021-11-09-10-46-41.jpg,1215,187,1787,612,MESCHA,1920,1080
task_20211109_cescau1/2021-11-09-10-47-35.jpg,720,167,1253,452,MESNON,1920,1080
task_20211109_cescau1/2021-11-09-10-47-40.jpg,427,232,925,632,MESNON,1920,1080
task_20211109_cescau1/2021-11-09-10-47-56.jpg,637,148,998,512,SITTOR,1920,1080
task_20211109_cescau1/2021-11-09-10-48-06.jpg,683,230,967,492,SITTOR,1920,1080
task_20211109_cescau1/2021-11-09-10-48-15.jpg,777,275,1093,1078,MESCHA,1920,1080
task_20211109_cescau1/2021-11-09-10-48-23.jpg,153,182,653,558,MESCHA,1920,1080
task_20211109_cescau1/2021-11-09-10-48-27.jpg,333,195,847,510,SITTOR,1920,1080
task_20211109_cescau1/2021-11-09-10-48-40.jpg,573,232,850,523,MESNON,1920,1080
task_20211109_cescau1/2021-11-09-10-48-51.jpg,338,157,722,453,MESNON,1920,1080
task_20211109_cescau1/2021-11-09-10-48-55.jpg,467,210,963,492,MESNON,1920,1080
task_20211109_cescau1/2021-11-09-10-48-59.jpg,732,220,983,477,SITTOR,1920,1080
task_20211109_cescau1/2021-11-09-10-49-18.jpg,173,237,775,832,SITTOR,1920,1080
task_20211109_cescau1/2021-11-09-10-49-29.jpg,1143,265,1753,798,MESCHA,1920,1080
task_20211109_cescau1/2021-11-09-10-49-34.jpg,57,285,667,697,MESNON,1920,1080
task_20211109_cescau1/2021-11-09-10-50-15.jpg,212,212,557,762,SITTOR,1920,1080
task_20211109_cescau1/2021-11-09-10-50-19.jpg,617,232,948,720,SITTOR,1920,1080
task_20211109_cescau1/2021-11-09-10-50-23.jpg,303,185,867,498,MESNON,1920,1080
task_20211109_cescau1/2021-11-09-10-51-54.jpg,1138,260,1623,607,MESCHA,1920,1080
task_20211109_cescau1/2021-11-09-10-52-42.jpg,580,238,978,603,SITTOR,1920,1080
task_20211109_cescau1/2021-11-09-10-52-47.jpg,640,205,987,497,SITTOR,1920,1080
task_20211109_cescau1/2021-11-09-10-52-52.jpg,1160,272,1655,922,MESBLE,1920,1080
task_20211109_cescau1/2021-11-09-10-53-29.jpg,737,258,1000,595,MESCHA,1920,1080
task_20211109_cescau1/2021-11-09-10-53-43.jpg,1025,198,1268,483,MESCHA,1920,1080
task_20211109_cescau1/2021-11-09-10-53-48.jpg,1002,245,1340,578,MESCHA,1920,1080
task_20211109_cescau1/2021-11-09-10-53-58.jpg,227,220,697,747,SITTOR,1920,1080
task_20211109_cescau1/2021-11-09-10-54-02.jpg,693,278,1092,723,SITTOR,1920,1080
task_20211109_cescau1/2021-11-09-10-54-11.jpg,718,105,1030,708,MESCHA,1920,1080
task_20211109_cescau1/2021-11-09-10-54-18.jpg,850,198,1620,572,MESCHA,1920,1080
task_20211109_cescau1/2021-11-09-10-55-03.jpg,895,135,1667,598,MESCHA,1920,1080
task_20211109_cescau1/2021-11-09-10-55-07.jpg,0,202,737,592,MESCHA,1920,1080
task_20211109_cescau1/2021-11-09-10-55-22.jpg,1082,235,1330,495,MESCHA,1920,1080
task_20211109_cescau1/2021-11-09-10-55-29.jpg,1247,218,1920,743,MESCHA,1920,1080
task_20211109_cescau1/2021-11-09-10-55-35.jpg,175,147,613,673,SITTOR,1920,1080
task_20211109_cescau1/2021-11-09-10-55-38.jpg,180,230,807,562,SITTOR,1920,1080
task_20211109_cescau1/2021-11-09-10-55-43.jpg,895,258,1543,585,MESBLE,1920,1080
task_20211109_cescau1/2021-11-09-10-55-54.jpg,1147,212,1650,505,MESCHA,1920,1080
task_20211109_cescau1/2021-11-09-10-56-09.jpg,182,180,970,620,MESCHA,1920,1080
task_20211109_cescau1/2021-11-09-10-56-18.jpg,30,32,818,353,MESBLE,1920,1080
task_20211109_cescau1/2021-11-09-10-56-23.jpg,183,312,560,843,MESNON,1920,1080
task_20211109_cescau1/2021-11-09-10-56-23.jpg,1078,205,1588,732,MESCHA,1920,1080
task_20211109_cescau1/2021-11-09-10-56-26.jpg,108,262,700,622,MESNON,1920,1080
task_20211109_cescau1/2021-11-09-10-56-33.jpg,187,357,837,682,SITTOR,1920,1080
task_20211109_cescau1/2021-11-09-10-57-04.jpg,142,230,755,590,MESBLE,1920,1080
task_20211109_cescau1/2021-11-09-10-57-09.jpg,7,152,867,592,MESCHA,1920,1080
task_20211109_cescau1/2021-11-09-10-57-14.jpg,777,175,1488,503,MESCHA,1920,1080
task_20211109_cescau1/2021-11-09-10-57-18.jpg,170,190,633,672,SITTOR,1920,1080
task_20211109_cescau1/2021-11-09-11-02-05.jpg,918,170,1427,508,MESNON,1920,1080
task_20211109_cescau1/2021-11-09-11-02-41.jpg,1067,158,1518,497,MESNON,1920,1080
task_20211109_cescau1/2021-11-09-11-02-45.jpg,375,212,820,647,MESNON,1920,1080
task_20211109_cescau1/2021-11-09-11-03-14.jpg,503,157,868,512,MESCHA,1920,1080
task_20211109_cescau1/2021-11-09-11-03-19.jpg,87,223,678,505,MESNON,1920,1080
task_20211109_cescau1/2021-11-09-11-03-34.jpg,442,115,792,493,MESCHA,1920,1080
task_20211109_cescau1/2021-11-09-11-04-08.jpg,847,182,1143,575,MESBLE,1920,1080
task_20211109_cescau1/2021-11-09-11-04-23.jpg,640,222,1155,518,MESNON,1920,1080
task_20211109_cescau1/2021-11-09-11-04-30.jpg,592,292,858,650,MESNON,1920,1080
task_20211109_cescau1/2021-11-09-11-04-50.jpg,813,177,1090,518,MESCHA,1920,1080
task_20211109_cescau1/2021-11-09-11-05-08.jpg,790,157,1127,467,MESCHA,1920,1080
task_20211109_cescau1/2021-11-09-11-05-12.jpg,673,278,1040,753,MESCHA,1920,1080
task_20211109_cescau1/2021-11-09-11-05-18.jpg,10,287,880,662,SITTOR,1920,1080
task_20211109_cescau1/2021-11-09-11-05-22.jpg,440,218,987,550,SITTOR,1920,1080
task_20211109_cescau1/2021-11-09-11-05-39.jpg,433,185,820,595,MESNON,1920,1080
task_20211109_cescau1/2021-11-09-11-06-03.jpg,825,307,1400,747,MESCHA,1920,1080
task_20211109_cescau1/2021-11-09-11-06-49.jpg,195,187,688,562,MESNON,1920,1080
task_20211109_cescau1/2021-11-09-11-07-01.jpg,578,215,968,458,MESNON,1920,1080
task_20211109_cescau1/2021-11-09-11-07-01.jpg,1307,353,1463,682,MESBLE,1920,1080
task_20211109_cescau1/2021-11-09-11-07-17.jpg,73,212,600,693,SITTOR,1920,1080
task_20211109_cescau1/2021-11-09-11-07-51.jpg,1273,418,1848,897,MESCHA,1920,1080
task_20211109_cescau1/2021-11-09-11-07-57.jpg,120,240,572,742,MESNON,1920,1080
task_20211109_cescau1/2021-11-09-11-08-02.jpg,287,180,622,765,MESNON,1920,1080
task_20211109_cescau1/2021-11-09-11-08-02.jpg,1388,493,1875,1078,MESCHA,1920,1080
task_20211109_cescau1/2021-11-09-11-08-06.jpg,373,152,1083,478,MESCHA,1920,1080
task_20211109_cescau1/2021-11-09-11-08-06.jpg,1187,442,1850,1078,MESCHA,1920,1080
task_20211109_cescau1/2021-11-09-11-08-13.jpg,903,165,1180,485,MESCHA,1920,1080
task_20211109_cescau1/2021-11-09-11-08-25.jpg,815,205,1467,903,MESCHA,1920,1080
task_20211109_cescau1/2021-11-09-11-08-32.jpg,1310,320,1718,1010,MESCHA,1920,1080
task_20211109_cescau1/2021-11-09-11-08-32.jpg,138,258,598,757,MESNON,1920,1080
task_20211109_cescau1/2021-11-09-11-08-37.jpg,965,213,1192,480,MESCHA,1920,1080
task_20211109_cescau1/2021-11-09-11-08-42.jpg,878,268,1202,553,MESCHA,1920,1080
task_20211109_cescau1/2021-11-09-11-09-15.jpg,320,203,752,495,MESCHA,1920,1080
task_20211109_cescau1/2021-11-09-11-09-32.jpg,1278,196,1798,838,MESCHA,1920,1080
task_20211109_cescau1/2021-11-09-11-09-39.jpg,452,175,960,473,MESBLE,1920,1080
task_20211109_cescau1/2021-11-09-11-10-15.jpg,1027,193,1250,518,MESCHA,1920,1080
task_20211109_cescau1/2021-11-09-11-10-21.jpg,968,265,1533,1068,MESCHA,1920,1080
task_20211109_cescau1/2021-11-09-11-10-30.jpg,833,221,1333,470,MESCHA,1920,1080
task_20211109_cescau1/2021-11-09-11-10-40.jpg,988,161,1597,628,MESCHA,1920,1080
task_20211109_cescau1/2021-11-09-11-10-44.jpg,1307,248,1643,776,MESCHA,1920,1080
task_20211109_cescau1/2021-11-09-11-11-19.jpg,757,216,1165,526,MESCHA,1920,1080
task_20211109_cescau1/2021-11-09-11-11-26.jpg,33,10,1655,1073,MESCHA,1920,1080
task_20211109_cescau1/2021-11-09-11-11-30.jpg,177,3,1583,1076,MESCHA,1920,1080
task_20211109_cescau1/2021-11-09-11-11-48.jpg,167,220,798,540,MESBLE,1920,1080
task_20211109_cescau1/2021-11-09-11-11-57.jpg,1160,363,1567,728,MESNON,1920,1080
task_20211109_cescau1/2021-11-09-11-12-12.jpg,95,215,700,573,SITTOR,1920,1080
task_20211109_cescau1/2021-11-09-11-12-27.jpg,1012,231,1235,460,MESCHA,1920,1080
task_20211109_cescau1/2021-11-09-11-12-46.jpg,387,218,777,481,MESNON,1920,1080
task_20211109_cescau1/2021-11-09-11-13-10.jpg,400,198,735,608,MESNON,1920,1080
task_20211109_cescau1/2021-11-09-11-13-15.jpg,427,153,927,476,MESNON,1920,1080
task_20211109_cescau1/2021-11-09-11-13-27.jpg,1295,226,1760,780,MESCHA,1920,1080
task_20211109_cescau1/2021-11-09-11-13-32.jpg,923,145,1607,520,MESCHA,1920,1080
task_20211109_cescau1/2021-11-09-11-13-37.jpg,103,216,607,620,SITTOR,1920,1080
task_20211109_cescau1/2021-11-09-11-13-41.jpg,168,213,707,568,SITTOR,1920,1080
task_20211109_cescau1/2021-11-09-11-13-46.jpg,207,161,740,560,SITTOR,1920,1080
task_20211109_cescau1/2021-11-09-11-13-50.jpg,248,160,980,520,SITTOR,1920,1080
task_20211109_cescau1/2021-11-09-11-14-03.jpg,512,220,933,496,MESNON,1920,1080
task_20211109_cescau1/2021-11-09-11-14-41.jpg,1012,183,1627,491,MESCHA,1920,1080
task_20211109_cescau1/2021-11-09-11-14-46.jpg,1162,140,1633,631,MESCHA,1920,1080
task_20211109_cescau1/2021-11-09-11-14-50.jpg,707,238,1007,496,SITTOR,1920,1080
task_20211109_cescau1/2021-11-09-11-15-11.jpg,1228,233,1673,673,MESCHA,1920,1080
task_20211109_cescau1/2021-11-09-11-15-18.jpg,913,203,1460,521,MESCHA,1920,1080
task_20211109_cescau1/2021-11-09-11-15-47.jpg,257,160,702,658,MESCHA,1920,1080
task_20211109_cescau1/2021-11-09-11-15-50.jpg,1237,225,1760,792,MESCHA,1920,1080
task_20211109_cescau1/2021-11-09-11-15-58.jpg,878,360,1438,810,MESNON,1920,1080
task_20211109_cescau1/2021-11-09-11-16-03.jpg,927,308,1385,618,MESNON,1920,1080
task_20211109_cescau1/2021-11-09-11-16-09.jpg,1202,185,1675,612,MESCHA,1920,1080
task_20211109_cescau1/2021-11-09-11-16-13.jpg,968,257,1245,467,SITTOR,1920,1080
task_20211109_cescau1/2021-11-09-11-16-26.jpg,413,168,862,490,MESNON,1920,1080
task_20211109_cescau1/2021-11-09-11-16-31.jpg,963,173,1363,472,MESCHA,1920,1080
task_20211109_cescau1/2021-11-09-11-17-02.jpg,855,282,1410,625,MESNON,1920,1080
task_20211109_cescau1/2021-11-09-11-17-13.jpg,408,210,845,532,MESNON,1920,1080
task_20211109_cescau1/2021-11-09-11-17-18.jpg,918,218,1103,480,MESNON,1920,1080
task_20211109_cescau1/2021-11-09-11-17-24.jpg,973,228,1205,492,MESCHA,1920,1080
task_20211109_cescau1/2021-11-09-11-17-32.jpg,370,173,1073,582,MESCHA,1920,1080
task_20211109_cescau1/2021-11-09-11-17-38.jpg,945,158,1198,557,MESCHA,1920,1080
task_20211109_cescau1/2021-11-09-11-17-57.jpg,1193,167,1720,618,MESCHA,1920,1080
task_20211109_cescau1/2021-11-09-11-18-21.jpg,117,235,700,565,SITTOR,1920,1080
task_20211109_cescau1/2021-11-09-11-18-27.jpg,515,192,932,547,SITTOR,1920,1080
task_20211109_cescau1/2021-11-09-11-18-46.jpg,998,230,1238,485,ROUGOR,1920,1080
task_20211109_cescau1/2021-11-09-11-18-50.jpg,727,190,1312,517,ROUGOR,1920,1080
task_20211109_cescau1/2021-11-09-11-18-58.jpg,245,133,798,492,ROUGOR,1920,1080
task_20211109_cescau1/2021-11-09-11-19-02.jpg,805,175,1653,722,ROUGOR,1920,1080
task_20211109_cescau1/2021-11-09-11-19-09.jpg,805,122,1140,712,ROUGOR,1920,1080
task_20211109_cescau1/2021-11-09-11-19-19.jpg,248,347,813,667,MESNON,1920,1080
task_20211109_cescau1/2021-11-09-11-19-19.jpg,1298,283,1502,753,MESNON,1920,1080
task_20211109_cescau1/2021-11-09-11-19-29.jpg,1143,212,1567,545,MESNON,1920,1080
task_20211109_cescau1/2021-11-09-11-19-37.jpg,353,252,790,537,SITTOR,1920,1080
task_20211109_cescau1/2021-11-09-11-20-50.jpg,1203,180,1597,498,MESNON,1920,1080
task_20211109_cescau1/2021-11-09-11-21-20.jpg,160,168,763,692,SITTOR,1920,1080
task_20211109_cescau1/2021-11-09-11-21-33.jpg,1070,145,1488,578,SITTOR,1920,1080
task_20211109_cescau1/2021-11-09-11-21-42.jpg,1032,225,1423,475,MESNON,1920,1080
task_20211109_cescau1/2021-11-09-11-22-06.jpg,500,272,1167,767,MESCHA,1920,1080
task_20211109_cescau1/2021-11-09-11-24-22.jpg,87,227,772,607,SITTOR,1920,1080
task_20211109_cescau1/2021-11-09-11-24-28.jpg,422,137,837,513,SITTOR,1920,1080
task_20211109_cescau1/2021-11-09-11-25-01.jpg,473,222,925,555,MESNON,1920,1080
task_20211109_cescau1/2021-11-09-11-25-24.jpg,688,240,900,475,MESBLE,1920,1080
task_20211109_cescau1/2021-11-09-11-25-36.jpg,740,225,968,445,MESCHA,1920,1080
task_20211109_cescau1/2021-11-09-11-26-01.jpg,120,250,680,538,MESBLE,1920,1080
task_20211109_cescau1/2021-11-09-11-26-08.jpg,122,233,805,592,SITTOR,1920,1080
task_20211109_cescau1/2021-11-09-11-26-24.jpg,647,202,1173,603,MESBLE,1920,1080
task_20211109_cescau1/2021-11-09-11-26-39.jpg,750,185,1117,458,MESCHA,1920,1080
task_20211109_cescau1/2021-11-09-11-27-22.jpg,880,160,1183,485,MESBLE,1920,1080
task_20211109_cescau1/2021-11-09-11-27-49.jpg,608,234,875,520,SITTOR,1920,1080
task_20211109_cescau1/2021-11-09-11-28-06.jpg,963,137,1490,519,MESCHA,1920,1080
task_20211109_cescau1/2021-11-09-11-29-23.jpg,855,195,1207,507,MESCHA,1920,1080
task_20211109_cescau1/2021-11-09-11-29-51.jpg,440,220,1100,602,MESNON,1920,1080
task_20211109_cescau1/2021-11-09-11-29-55.jpg,347,192,993,547,SITTOR,1920,1080
task_20211109_cescau1/2021-11-09-11-30-01.jpg,632,228,1147,558,SITTOR,1920,1080
task_20211109_cescau1/2021-11-09-11-30-29.jpg,517,285,1158,552,MESNON,1920,1080
task_20211109_cescau1/2021-11-09-11-30-59.jpg,617,265,1127,608,MESNON,1920,1080
task_20211109_cescau1/2021-11-09-11-31-03.jpg,728,252,1072,507,SITTOR,1920,1080
task_20211109_cescau1/2021-11-09-11-31-14.jpg,1002,303,1565,605,MESNON,1920,1080
task_20211109_cescau1/2021-11-09-11-31-23.jpg,683,153,1140,478,MESCHA,1920,1080
task_20211109_cescau1/2021-11-09-11-31-35.jpg,237,222,603,600,MESNON,1920,1080
task_20211109_cescau1/2021-11-09-11-31-49.jpg,840,182,1310,496,MESBLE,1920,1080
task_20211109_cescau1/2021-11-09-11-32-34.jpg,1165,227,1913,653,MESCHA,1920,1080
task_20211109_cescau1/2021-11-09-11-32-49.jpg,160,228,848,535,SITTOR,1920,1080
task_20211109_cescau1/2021-11-09-11-33-32.jpg,627,255,1068,623,MESNON,1920,1080
task_20211109_cescau1/2021-11-09-11-33-37.jpg,832,225,1532,575,MESCHA,1920,1080
task_20211109_cescau1/2021-11-09-11-34-24.jpg,1020,263,1555,562,SITTOR,1920,1080
task_20211109_cescau1/2021-11-09-11-34-43.jpg,120,77,865,515,MESCHA,1920,1080
task_20211109_cescau1/2021-11-09-11-34-48.jpg,513,212,920,518,SITTOR,1920,1080
task_20211109_cescau1/2021-11-09-11-34-57.jpg,395,160,923,535,SITTOR,1920,1080
task_20211109_cescau1/2021-11-09-11-35-03.jpg,390,258,1048,585,MESNON,1920,1080
task_20211109_cescau1/2021-11-09-11-35-07.jpg,552,208,752,510,MESNON,1920,1080
task_20211109_cescau1/2021-11-09-11-35-15.jpg,273,195,802,562,MESBLE,1920,1080
task_20211109_cescau1/2021-11-09-11-35-22.jpg,1087,210,1493,585,MESCHA,1920,1080
task_20211109_cescau1/2021-11-09-11-35-28.jpg,893,193,1453,533,MESNON,1920,1080
task_20211109_cescau1/2021-11-09-11-35-33.jpg,142,366,565,793,MESNON,1920,1080
task_20211109_cescau1/2021-11-09-11-35-33.jpg,1105,210,1708,703,MESCHA,1920,1080
task_20211109_cescau1/2021-11-09-11-36-15.jpg,37,295,777,990,MESCHA,1920,1080
task_20211109_cescau1/2021-11-09-11-36-28.jpg,992,208,1277,471,MESCHA,1920,1080
task_20211109_cescau1/2021-11-09-11-36-33.jpg,1248,190,1518,728,MESCHA,1920,1080
task_20211109_cescau1/2021-11-09-11-36-33.jpg,405,523,707,1078,MESNON,1920,1080
task_20211109_cescau1/2021-11-09-11-36-38.jpg,630,328,890,640,MESNON,1920,1080
task_20211109_cescau1/2021-11-09-11-36-43.jpg,627,245,875,628,MESNON,1920,1080
task_20211109_cescau1/2021-11-09-11-36-47.jpg,892,185,1312,473,MESNON,1920,1080
task_20211109_cescau1/2021-11-09-11-37-03.jpg,640,170,1045,490,MESCHA,1920,1080
task_20211109_cescau1/2021-11-09-11-37-09.jpg,797,181,1585,553,MESCHA,1920,1080
task_20211109_cescau1/2021-11-09-11-37-18.jpg,135,213,587,785,SITTOR,1920,1080
task_20211109_cescau1/2021-11-09-11-37-26.jpg,758,233,1018,490,SITTOR,1920,1080
task_20211109_cescau1/2021-11-09-11-37-34.jpg,970,147,1353,593,MESCHA,1920,1080
task_20211109_cescau1/2021-11-09-11-37-38.jpg,778,157,1107,485,MESCHA,1920,1080
task_20211109_cescau1/2021-11-09-11-37-50.jpg,925,238,1400,563,MESCHA,1920,1080
task_20211109_cescau1/2021-11-09-11-37-55.jpg,1158,245,1548,528,MESCHA,1920,1080
task_20211109_cescau1/2021-11-09-11-38-09.jpg,1047,162,1378,625,MESCHA,1920,1080
task_20211109_cescau1/2021-11-09-11-38-09.jpg,15,322,565,838,MESNON,1920,1080
task_20211109_cescau1/2021-11-09-11-38-13.jpg,312,282,847,515,MESNON,1920,1080
task_20211109_cescau1/2021-11-09-11-38-13.jpg,882,177,1605,552,MESBLE,1920,1080
task_20211109_cescau1/2021-11-09-11-38-24.jpg,1217,145,1712,682,MESCHA,1920,1080
task_20211109_cescau1/2021-11-09-11-38-31.jpg,1280,292,1572,795,MESCHA,1920,1080
task_20211109_cescau1/2021-11-09-11-38-39.jpg,1032,190,1307,525,MESCHA,1920,1080
task_20211109_cescau1/2021-11-09-11-38-44.jpg,650,228,920,478,SITTOR,1920,1080
task_20211109_cescau1/2021-11-09-11-39-11.jpg,773,265,1057,898,MESNON,1920,1080
task_20211109_cescau1/2021-11-09-11-39-18.jpg,1463,658,1918,1074,PINNOR,1920,1080
task_20211109_cescau1/2021-11-09-11-39-22.jpg,1182,138,1850,578,PINNOR,1920,1080
task_20211109_cescau1/2021-11-09-11-39-29.jpg,1185,93,1627,552,PINNOR,1920,1080
task_20211109_cescau1/2021-11-09-11-42-29.jpg,778,128,1320,413,PINNOR,1920,1080
task_20211109_cescau1/2021-11-09-11-42-29.jpg,420,403,895,905,MESCHA,1920,1080
task_20211109_cescau1/2021-11-09-11-42-36.jpg,580,172,907,712,PINNOR,1920,1080
task_20211109_cescau1/2021-11-09-11-42-41.jpg,528,232,837,643,PINNOR,1920,1080
task_20211109_cescau1/2021-11-09-11-42-49.jpg,792,205,1532,525,PINNOR,1920,1080
task_20211109_cescau1/2021-11-09-11-43-08.jpg,1151,274,1653,594,MESNON,1920,1080
task_20211109_cescau1/2021-11-09-11-43-08.jpg,1552,781,1912,1070,MESCHA,1920,1080
task_20211109_cescau1/2021-11-09-11-43-18.jpg,1086,173,1745,629,ROUGOR,1920,1080
task_20211109_cescau1/2021-11-09-11-43-50.jpg,693,307,1319,725,MESNON,1920,1080
task_20211109_cescau1/2021-11-09-11-44-00.jpg,932,175,1139,458,MESCHA,1920,1080
task_20211109_cescau1/2021-11-09-11-44-04.jpg,942,171,1220,507,MESCHA,1920,1080
task_20211109_cescau1/2021-11-09-11-44-37.jpg,1395,654,1908,1078,MESCHA,1920,1080
task_20211109_cescau1/2021-11-09-11-44-45.jpg,276,251,880,622,MESCHA,1920,1080
task_20211109_cescau1/2021-11-09-11-44-49.jpg,870,193,1533,650,MESCHA,1920,1080
task_20211109_cescau1/2021-11-09-11-44-55.jpg,1204,269,1653,751,MESNON,1920,1080
task_20211109_cescau1/2021-11-09-11-45-11.jpg,656,152,958,613,ROUGOR,1920,1080
task_20211109_cescau1/2021-11-09-11-45-33.jpg,661,170,1117,497,ROUGOR,1920,1080
task_20211109_cescau1/2021-11-09-11-45-38.jpg,405,157,1156,599,ROUGOR,1920,1080
task_20211109_cescau1/2021-11-09-11-45-43.jpg,451,207,1232,550,ROUGOR,1920,1080
task_20211109_cescau1/2021-11-09-11-45-47.jpg,62,253,895,596,MESCHA,1920,1080
task_20211109_cescau1/2021-11-09-11-45-59.jpg,226,207,877,551,SITTOR,1920,1080
task_20211109_cescau1/2021-11-09-11-46-10.jpg,1004,288,1540,822,MESCHA,1920,1080
task_20211109_cescau1/2021-11-09-11-46-23.jpg,857,210,1089,493,MESCHA,1920,1080
task_20211109_cescau1/2021-11-09-11-46-40.jpg,451,193,896,599,SITTOR,1920,1080
task_20211109_cescau1/2021-11-09-11-46-44.jpg,403,127,967,516,MESCHA,1920,1080
task_20211109_cescau1/2021-11-09-11-46-51.jpg,965,247,1406,592,MESCHA,1920,1080
task_20211109_cescau1/2021-11-09-11-46-57.jpg,709,152,925,419,MESCHA,1920,1080
task_20211109_cescau1/2021-11-09-11-47-01.jpg,0,263,587,647,MESNON,1920,1080
task_20211109_cescau1/2021-11-09-11-47-12.jpg,555,207,981,1077,MESCHA,1920,1080
task_20211109_cescau1/2021-11-09-11-47-16.jpg,856,143,1630,576,MESCHA,1920,1080
task_20211109_cescau1/2021-11-09-11-47-21.jpg,826,279,1174,714,MESCHA,1920,1080
task_20211109_cescau1/2021-11-09-11-47-37.jpg,1015,355,1588,726,MESNON,1920,1080
task_20211109_cescau1/2021-11-09-11-47-49.jpg,550,201,879,516,MESNON,1920,1080
task_20211109_cescau1/2021-11-09-11-47-56.jpg,911,217,1432,472,MESCHA,1920,1080
task_20211109_cescau1/2021-11-09-11-48-12.jpg,1007,239,1222,474,MESCHA,1920,1080
task_20211109_cescau1/2021-11-09-11-48-22.jpg,1107,214,1409,546,MESCHA,1920,1080
task_20211109_cescau1/2021-11-09-11-48-42.jpg,951,223,1199,456,MESCHA,1920,1080
task_20211109_cescau1/2021-11-09-11-48-48.jpg,495,224,1008,1080,MESCHA,1920,1080
task_20211109_cescau1/2021-11-09-11-49-02.jpg,907,191,1421,509,MESBLE,1920,1080
task_20211109_cescau1/2021-11-09-11-49-34.jpg,873,221,1482,509,MESBLE,1920,1080
task_20211109_cescau1/2021-11-09-11-49-38.jpg,1170,216,1825,677,MESCHA,1920,1080
task_20211109_cescau1/2021-11-09-11-50-19.jpg,737,214,949,468,MESCHA,1920,1080
task_20211109_cescau1/2021-11-09-11-50-25.jpg,949,226,1337,472,MESCHA,1920,1080
task_20211109_cescau1/2021-11-09-11-50-29.jpg,914,224,1375,452,MESCHA,1920,1080
task_20211109_cescau1/2021-11-09-11-50-37.jpg,1043,224,1459,481,MESBLE,1920,1080
task_20211109_cescau1/2021-11-09-11-50-45.jpg,334,228,781,449,SITTOR,1920,1080
task_20211109_cescau1/2021-11-09-11-51-08.jpg,1043,212,1446,460,MESCHA,1920,1080
task_20211109_cescau1/2021-11-09-11-51-12.jpg,2,307,592,691,MESNON,1920,1080
task_20211109_cescau1/2021-11-09-11-51-12.jpg,1033,198,1308,482,MESCHA,1920,1080
task_20211109_cescau1/2021-11-09-11-51-21.jpg,1437,560,1918,1080,MESCHA,1920,1080
task_20211109_cescau1/2021-11-09-11-51-25.jpg,463,465,1920,1080,MESCHA,1920,1080
task_20211109_cescau1/2021-11-09-11-51-36.jpg,1050,155,1340,518,MESNON,1920,1080
task_20211109_cescau1/2021-11-09-11-51-40.jpg,527,228,758,461,MESNON,1920,1080
task_20211109_cescau1/2021-11-09-11-51-40.jpg,1556,928,1920,1080,MESCHA,1920,1080
task_20211109_cescau1/2021-11-09-11-52-15.jpg,1041,226,1324,468,MESBLE,1920,1080
task_20211109_cescau1/2021-11-09-11-52-30.jpg,99,223,608,610,MESNON,1920,1080
task_20211109_cescau1/2021-11-09-11-52-48.jpg,1429,663,1911,1078,MESCHA,1920,1080
task_20211109_cescau1/2021-11-09-11-52-48.jpg,163,175,758,475,MESNON,1920,1080
task_20211109_cescau1/2021-11-09-11-53-11.jpg,230,240,799,553,SITTOR,1920,1080
task_20211109_cescau1/2021-11-09-11-53-16.jpg,967,175,1627,551,SITTOR,1920,1080
task_20211109_cescau1/2021-11-09-11-53-34.jpg,598,129,1024,513,MESCHA,1920,1080
task_20211109_cescau1/2021-11-09-11-53-38.jpg,368,269,743,700,MESCHA,1920,1080
task_20211109_cescau1/2021-11-09-11-53-38.jpg,1223,300,1545,534,MESNON,1920,1080
task_20211109_cescau1/2021-11-09-11-53-38.jpg,1671,921,1920,1077,MESCHA,1920,1080
task_20211109_cescau1/2021-11-09-11-53-45.jpg,1220,286,1499,532,MESNON,1920,1080
task_20211109_cescau1/2021-11-09-11-53-53.jpg,1093,127,1443,541,ROUGOR,1920,1080
task_20211109_cescau1/2021-11-09-11-53-58.jpg,591,194,1278,477,ROUGOR,1920,1080
task_20211109_cescau1/2021-11-09-11-54-06.jpg,658,159,1208,550,MESBLE,1920,1080
task_20211109_cescau1/2021-11-09-11-54-20.jpg,1170,161,1552,502,MESBLE,1920,1080
task_20211109_cescau1/2021-11-09-11-54-32.jpg,690,185,1315,541,MESCHA,1920,1080
task_20211109_cescau1/2021-11-09-11-54-37.jpg,267,320,585,886,MESNON,1920,1080
task_20211109_cescau1/2021-11-09-11-54-37.jpg,803,177,1379,479,MESCHA,1920,1080
task_20211109_cescau1/2021-11-09-11-54-44.jpg,458,216,861,456,MESCHA,1920,1080
task_20211109_cescau1/2021-11-09-11-54-57.jpg,960,240,1199,463,MESCHA,1920,1080
task_20211109_cescau1/2021-11-09-11-55-02.jpg,1001,233,1687,695,MESCHA,1920,1080
task_20211109_cescau1/2021-11-09-11-55-08.jpg,1220,217,1574,537,MESBLE,1920,1080
task_20211109_cescau1/2021-11-09-11-55-13.jpg,467,237,995,452,MESNON,1920,1080
task_20211109_cescau1/2021-11-09-11-55-29.jpg,1008,348,1409,965,MESNON,1920,1080
task_20211109_cescau1/2021-11-09-11-55-40.jpg,51,276,576,700,MESNON,1920,1080
task_20211109_cescau1/2021-11-09-11-55-54.jpg,274,208,958,461,MESBLE,1920,1080
task_20211109_cescau1/2021-11-09-11-56-12.jpg,721,412,1637,795,MESCHA,1920,1080
task_20211109_cescau1/2021-11-09-11-56-29.jpg,914,178,1231,502,MESCHA,1920,1080
task_20211109_cescau1/2021-11-09-11-56-46.jpg,827,202,1042,488,MESCHA,1920,1080
task_20211109_cescau1/2021-11-09-11-57-00.jpg,880,203,1185,482,MESBLE,1920,1080
task_20211109_cescau1/2021-11-09-11-57-21.jpg,207,230,602,590,MESNON,1920,1080
task_20211109_cescau1/2021-11-09-11-57-55.jpg,597,142,1070,480,MESCHA,1920,1080
task_20211109_cescau1/2021-11-09-11-58-19.jpg,1210,207,1620,623,MESCHA,1920,1080
task_20211109_cescau1/2021-11-09-11-58-28.jpg,553,200,835,532,MESBLE,1920,1080
task_20211109_cescau1/2021-11-09-11-58-36.jpg,982,188,1248,622,MESCHA,1920,1080
task_20211109_cescau1/2021-11-09-11-59-11.jpg,460,150,1122,472,MESBLE,1920,1080
task_20211109_cescau1/2021-11-09-11-59-17.jpg,965,158,1323,598,MESCHA,1920,1080
task_20211109_cescau1/2021-11-09-11-59-23.jpg,852,223,1053,472,MESCHA,1920,1080
task_20211109_cescau1/2021-11-09-11-59-36.jpg,1033,203,1375,512,MESNON,1920,1080
task_20211109_cescau1/2021-11-09-11-59-41.jpg,1257,200,1828,753,MESCHA,1920,1080
task_20211109_cescau1/2021-11-09-12-00-10.jpg,847,192,1122,567,MESCHA,1920,1080
task_20211109_cescau1/2021-11-09-12-01-20.jpg,987,280,1287,595,SITTOR,1920,1080
task_20211109_cescau1/2021-11-09-12-02-09.jpg,953,248,1273,475,MESCHA,1920,1080
task_20211109_cescau1/2021-11-09-12-04-49.jpg,223,188,1113,668,MESCHA,1920,1080
task_20211109_cescau1/2021-11-09-12-06-06.jpg,247,205,855,538,MESBLE,1920,1080
task_20211109_cescau1/2021-11-09-12-06-12.jpg,1067,220,1412,472,MESBLE,1920,1080
task_20211109_cescau1/2021-11-09-12-06-35.jpg,178,222,720,498,MESBLE,1920,1080
task_20211109_cescau1/2021-11-09-12-08-12.jpg,452,178,1057,458,MESNON,1920,1080
task_20211109_cescau1/2021-11-09-12-09-13.jpg,772,145,1178,527,MESCHA,1920,1080
task_20211109_cescau1/2021-11-09-12-09-21.jpg,238,182,710,593,SITTOR,1920,1080
task_20211109_cescau1/2021-11-09-12-09-32.jpg,40,225,660,613,MESNON,1920,1080
task_20211109_cescau1/2021-11-09-12-09-36.jpg,692,348,945,695,MESNON,1920,1080
task_20211109_cescau1/2021-11-09-12-09-58.jpg,983,215,1353,530,MESCHA,1920,1080
task_20211109_cescau1/2021-11-09-12-10-01.jpg,557,198,780,498,MESCHA,1920,1080
task_20211109_cescau1/2021-11-09-12-10-24.jpg,57,203,703,593,MESNON,1920,1080
task_20211109_cescau1/2021-11-09-12-10-28.jpg,363,198,880,437,MESNON,1920,1080
task_20211109_cescau1/2021-11-09-12-11-04.jpg,1025,227,1267,472,MESCHA,1920,1080
task_20211109_cescau1/2021-11-09-12-11-13.jpg,152,270,828,978,MESNON,1920,1080
task_20211109_cescau1/2021-11-09-12-11-13.jpg,1117,238,1642,558,MESNON,1920,1080
task_20211109_cescau1/2021-11-09-12-11-29.jpg,103,207,607,723,SITTOR,1920,1080
task_20211109_cescau1/2021-11-09-12-11-34.jpg,252,208,660,752,MESBLE,1920,1080
task_20211109_cescau1/2021-11-09-12-11-43.jpg,900,198,1193,597,MESCHA,1920,1080
task_20211109_cescau1/2021-11-09-12-11-50.jpg,1682,979,1918,1075,MESCHA,1920,1080
task_20211109_cescau1/2021-11-09-12-11-54.jpg,800,205,1273,508,MESNON,1920,1080
task_20211109_cescau1/2021-11-09-12-12-01.jpg,293,170,742,442,MESNON,1920,1080
task_20211109_cescau1/2021-11-09-12-13-06.jpg,172,207,753,527,MESBLE,1920,1080
task_20211109_cescau1/2021-11-09-12-13-10.jpg,180,213,690,532,SITTOR,1920,1080
task_20211109_cescau1/2021-11-09-12-13-14.jpg,198,245,965,657,SITTOR,1920,1080
task_20211109_cescau1/2021-11-09-12-13-39.jpg,1100,175,1627,553,MESCHA,1920,1080
task_20211109_cescau1/2021-11-09-12-13-43.jpg,245,165,773,505,MESCHA,1920,1080
task_20211109_cescau1/2021-11-09-12-14-00.jpg,572,225,947,573,MESNON,1920,1080
task_20211109_cescau1/2021-11-09-12-14-08.jpg,740,170,1277,468,MESNON,1920,1080
task_20211109_cescau1/2021-11-09-12-14-39.jpg,65,340,573,765,MESNON,1920,1080
task_20211109_cescau1/2021-11-09-12-14-39.jpg,980,197,1662,472,MESCHA,1920,1080
task_20211109_cescau1/2021-11-09-12-15-03.jpg,718,172,993,473,MESCHA,1920,1080
task_20211109_cescau1/2021-11-09-12-15-14.jpg,420,138,1160,520,MESCHA,1920,1080
task_20211109_cescau1/2021-11-09-12-15-28.jpg,1080,223,1690,920,MESCHA,1920,1080
task_20211109_cescau1/2021-11-09-12-15-44.jpg,617,142,1303,478,MESCHA,1920,1080
task_20211109_cescau1/2021-11-09-12-15-48.jpg,437,240,872,797,MESCHA,1920,1080
task_20211109_cescau1/2021-11-09-12-16-03.jpg,62,220,692,572,MESNON,1920,1080
task_20211109_cescau1/2021-11-09-12-16-07.jpg,473,138,1182,457,MESCHA,1920,1080
task_20211109_cescau1/2021-11-09-12-16-11.jpg,522,178,827,458,MESCHA,1920,1080
task_20211109_cescau1/2021-11-09-12-16-50.jpg,397,290,908,952,MESNON,1920,1080
task_20211109_cescau1/2021-11-09-12-17-01.jpg,757,218,1215,852,MESCHA,1920,1080
task_20211109_cescau1/2021-11-09-12-17-31.jpg,97,212,688,558,SITTOR,1920,1080
task_20211109_cescau1/2021-11-09-12-17-40.jpg,623,188,1443,610,MESCHA,1920,1080
task_20211109_cescau1/2021-11-09-12-17-48.jpg,490,160,1047,573,MESNON,1920,1080
task_20211109_cescau1/2021-11-09-12-18-05.jpg,848,203,1082,482,MESCHA,1920,1080
task_20211109_cescau1/2021-11-09-12-18-08.jpg,620,218,1023,580,SITTOR,1920,1080
task_20211109_cescau1/2021-11-09-12-18-14.jpg,388,198,1065,525,SITTOR,1920,1080
task_20211109_cescau1/2021-11-09-12-18-31.jpg,338,218,920,537,MESNON,1920,1080
task_20211109_cescau1/2021-11-09-12-18-39.jpg,800,197,1127,482,MESCHA,1920,1080
task_20211109_cescau1/2021-11-09-12-18-43.jpg,855,132,1372,457,MESCHA,1920,1080
task_20211109_cescau1/2021-11-09-12-19-19.jpg,848,290,1318,1077,MESCHA,1920,1080
task_20211109_cescau1/2021-11-09-12-19-24.jpg,563,162,1073,568,MESCHA,1920,1080
task_20211109_cescau1/2021-11-09-12-19-35.jpg,560,200,753,450,MESNON,1920,1080
task_20211109_cescau1/2021-11-09-12-20-06.jpg,770,122,1468,463,MESCHA,1920,1080
task_20211109_cescau1/2021-11-09-12-20-15.jpg,575,63,987,857,MESCHA,1920,1080
task_20211109_cescau1/2021-11-09-12-20-30.jpg,588,168,852,477,MESNON,1920,1080
task_20211109_cescau1/2021-11-09-12-20-57.jpg,1208,287,1873,715,MESCHA,1920,1080
task_20211109_cescau1/2021-11-09-12-21-21.jpg,845,325,1207,582,MESBLE,1920,1080
task_20211109_cescau1/2021-11-09-12-21-41.jpg,778,212,1243,512,MESCHA,1920,1080
task_20211109_cescau1/2021-11-09-12-21-57.jpg,238,137,598,827,SITTOR,1920,1080
task_20211109_cescau1/2021-11-09-12-22-24.jpg,897,200,1383,465,MESCHA,1920,1080
task_20211109_cescau1/2021-11-09-12-22-44.jpg,162,85,622,722,SITTOR,1920,1080
task_20211109_cescau1/2021-11-09-12-22-58.jpg,810,278,1297,1075,MESCHA,1920,1080
task_20211109_cescau1/2021-11-09-12-23-02.jpg,567,172,993,502,MESCHA,1920,1080
task_20211109_cescau1/2021-11-09-12-23-22.jpg,677,152,1018,512,MESCHA,1920,1080
task_20211109_cescau1/2021-11-09-12-23-27.jpg,943,208,1337,530,MESCHA,1920,1080
task_20211109_cescau1/2021-11-09-12-23-34.jpg,1005,230,1590,492,MESCHA,1920,1080
task_20211109_cescau1/2021-11-09-12-23-38.jpg,900,170,1272,538,MESCHA,1920,1080
task_20211109_cescau1/2021-11-09-12-23-54.jpg,900,228,1187,565,SITTOR,1920,1080
task_20211109_cescau1/2021-11-09-12-24-21.jpg,0,332,570,847,MESNON,1920,1080
task_20211109_cescau1/2021-11-09-12-25-06.jpg,1157,183,1885,570,MESCHA,1920,1080
task_20211109_cescau1/2021-11-09-12-25-23.jpg,947,215,1265,678,MESNON,1920,1080
task_20211109_cescau1/2021-11-09-12-25-28.jpg,962,228,1240,528,MESCHA,1920,1080
task_20211109_cescau1/2021-11-09-12-25-32.jpg,380,205,973,465,MESNON,1920,1080
task_20211109_cescau1/2021-11-09-12-25-48.jpg,405,215,1107,733,SITTOR,1920,1080
task_20211109_cescau1/2021-11-09-12-26-35.jpg,460,175,1048,492,MESNON,1920,1080
task_20211109_cescau1/2021-11-09-12-26-41.jpg,400,353,1070,703,MESNON,1920,1080
task_20211109_cescau1/2021-11-09-12-27-02.jpg,1072,238,1308,463,MESNON,1920,1080
task_20211109_cescau1/2021-11-09-12-27-17.jpg,1038,292,1513,863,MESCHA,1920,1080
task_20211109_cescau1/2021-11-09-12-27-27.jpg,910,130,1183,582,MESCHA,1920,1080
task_20211109_cescau1/2021-11-09-12-28-14.jpg,547,217,1397,588,MESCHA,1920,1080
task_20211109_cescau1/2021-11-09-12-28-22.jpg,685,202,987,638,MESCHA,1920,1080
task_20211109_cescau1/2021-11-09-12-28-34.jpg,688,167,1347,522,MESCHA,1920,1080