task_20210228/20210228-145102_(11.0).jpg,441.984,424.32,1040.064,754.3104,MESCHA,1920,1088
iNat-1000/108984289.jpg,87.5,80.5078125,310.1532098565265,250.68997019130637,ECUROU,500,333
iNat-1000/95581383.jpeg,138.57142857142856,151.42857142857144,248.57142857142858,275.7142857142857,MESHUP,500,333
iNat-1000/95581383.jpeg,294.2857142857143,0,454.2857142857143,128.57142857142858,MESHUP,500,333
task_20210416_UPS/20210416-084955_(17.0).jpg,416.832,567.1744,1082.496,1088,ECUROU,1920,1088
iNat-1000/123262476.jpg,171.63741144320505,197.31749589307617,333.35117504942343,336.909539572007,ROUGOR,500,500
iNat-1000/56937520.jpeg,48.75,66.75781250000001,375.0,299.2578125,ECUROU,500,333
task_20210525_UPS/20210525-154418_(35.0).jpg,607.872,395.3792,1231.104,1088,PIEBAV,1920,1088
iNat-1000/32467414.jpeg,126.25,100.5078125,300.0,265.5078125,MESBLE,500,420
iNat-1000/109213065.jpeg,186.9826505624915,116.35258415664495,289.88440671234116,234.8792339788937,MESBLE,500,332
iNat-1000/116010635.jpeg,214.8985363414009,120.1390910190765,300.0,228.00781250000003,ROUGOR,500,333
task_2021-03-01_15/20210301-151321_(10.0).jpg,663.936,513.1008,959.04,792.9344,MESCHA,1920,1088
iNat-1000/159204636.jpeg,117.74413792501363,189.39993217117018,241.5658778249023,347.00039620367545,MULGRI,375,500
iNat-1000/63382420.jpeg,218.73544762566794,105.15166708989716,333.584747895014,206.11546984300003,VEREUR,500,333
task_20210615_Lab/2021-06-15-14-09-05.jpg,1007.232,312.228,1657.536,624.888,MESCHA,1920,1080
task_20210615_Lab/2021-06-15-14-09-05.jpg,1263.936,208.008,1838.976,458.892,MESCHA,1920,1080
task_06-01-2021/2021-01-06-10-57-21.jpg,1287.168,619.2896,1811.904,1088,SITTOR,1920,1088
iNat-1000/15873351.jpg,213.7183111522662,95.9744254350225,329.8422667301655,193.67181316979992,MOIDOM,500,281
task_05-01-2021/2021-01-05-17-20-48.jpg,719.808,420.512,1238.976,914.464,MESBLE,1920,1088
iNat-1000/166161821.jpg,197.34291435625533,167.56967695818332,344.98025242912576,279.7546576644423,MESBLE,500,429
iNat-1000/38726398.jpeg,127.4305830047151,117.18332662765727,313.9396689561306,229.08571023375325,PINARB,500,362
iNat-1000/120586884.jpeg,152.77121411744713,106.2661762790946,299.85885583214133,228.85558137429823,ROUGOR,500,334
iNat-1000/171765073.jpeg,127.78665820227269,183.04712329290442,314.95316104702783,306.0489314527288,ROUGOR,500,417
task_20210615_Lab/2021-06-15-16-16-34.jpg,1333.44,316.116,1806.144,613.332,MESCHA,1920,1080
task_20210615_Lab/2021-06-15-16-16-34.jpg,1146.24,169.452,1383.552,397.116,MESCHA,1920,1080
task_20210615_Lab/2021-06-15-16-16-34.jpg,947.52,374.004,1344.96,638.388,MESCHA,1920,1080
iNat-1000/132558684.jpg,17.142857142857146,135.7142857142857,266.10497775506724,330.0,MESHUP,281,500
iNat-1000/171647864.jpg,228.88134520217247,81.24571292862169,386.92694441720323,178.0277079682359,MESCHA,500,375
task_19-01-2021/2021-01-19-11-53-10.jpg,1171.392,212.16,1918.08,615.3728,MESCHA,1920,1088
iNat-1000/41364235.jpg,169.71440692356072,109.97061979840511,353.97808382365804,204.63678299833717,ECUROU,500,331
iNat-1000/57998853.jpg,157.59884286280268,188.95716872810948,253.86610477040287,325.7378173802117,ROUGOR,376,500
task_05-01-2021/2021-01-05-16-37-14.jpg,565.44,325.9648,928.128,760.0768,SITTOR,1920,1088
task_2021-03-01_17/20210301-173522_(10.0).jpg,382.08,397.3376,934.08,694.4704,VEREUR,1920,1088
iNat-1000/65671323.jpeg,194.10026331342777,124.29512228685896,312.3983921793637,399.7210887469677,MESBLE,500,500
iNat-1000/151467789.jpeg,22.403986443124843,52.659907445018945,329.42609326258633,389.52311383720513,MULGRI,375,500
task_20210525_UPS/20210525-164910_(13.0).jpg,686.976,457.1776,1920,1087.0208,PIEBAV,1920,1088
iNat-1000/65286379.png,183.56027395848545,114.46989211456132,291.76429516742104,225.01975209278677,MOIDOM,500,333
iNat-1000/110407147.jpeg,152.5,128.00781250000003,348.4402870265933,256.1011056879679,SITTOR,500,333
task_20210412/20210412-140456_(7.0).jpg,1102.08,619.8336,1400.448,1078.9696,MESCHA,1920,1088
iNat-1000/152653112.png,28.04946121231705,23.016808829324845,483.18085874092276,372.9164126389986,MESHUP,500,397
task_20210615_Lab/2021-06-15-10-57-54.jpg,1223.232,232.632,1604.16,689.256,MESCHA,1920,1080
task_20210615_Lab/2021-06-15-10-57-54.jpg,1251.84,258.336,1763.328,430.38,MESCHA,1920,1080
task_20210615_Lab/2021-06-15-10-57-54.jpg,1096.128,696.276,1665.408,1080,MESCHA,1920,1080
iNat-1000/46621598.jpeg,196.6981048925706,185.76923284111504,319.6724156091954,344.5495514020134,ACCMOU,500,500
iNat-1000/49236072.jpeg,98.88464618009085,121.479863667765,295.495830255076,263.040319411077,ECUROU,500,333
task_06-01-2021/2021-01-06-10-49-55.jpg,702.336,665.5296,1198.464,999.4368,MESCHA,1920,1088
task_18-01-2021/2021-01-18-13-50-25.jpg,1404.864,401.2544,1869.888,931.872,MESBLE,1920,1088
iNat-1000/154216488.jpg,154.9286976678925,113.2391590473395,290.5113741401838,203.1064348223075,PINARB,500,333
iNat-1000/119499971.jpeg,193.51619416161597,117.05618810942272,407.6864787768176,238.85058175890885,MESBLE,500,354
task_20210418_UPS/20210418-074102_(16.0).jpg,664.128,488.9472,1360.32,1084.6272,ECUROU,1920,1088
task_20210418_UPS/20210418-172207_(10.0).jpg,1062.528,862.6752,1671.552,1084.6272,PIEBAV,1920,1088
task_19-01-2021/2021-01-19-10-59-46.jpg,121.536,320.1984,1009.152,1088,MESCHA,1920,1088
task_2021-03-01_11/20210301-115502_(14.0).jpg,407.232,350.9888,825.984,814.1504,VEREUR,1920,1088
task_19-01-2021/2021-01-19-11-16-32.jpg,1269.696,142.6368,1920,572.9408,MESCHA,1920,1088
iNat-1000/158692217.jpg,167.58331721193397,190.0559509632744,332.89717547998197,297.66718531003033,MOIDOM,500,381
iNat-1000/74723699.jpeg,71.22111767353937,79.2359439303051,458.7802803335038,246.77071153410148,ECUROU,500,333
iNat-1000/13215477.jpeg,157.77910015532476,122.94465925230043,359.7374768184071,222.86289513960014,PIEBAV,500,375
task_20210417_UPS/20210417-183549_(27.0).jpg,1203.072,445.536,1918.464,1084.6272,ECUROU,1920,1088
task_2021_11_03-04_cescau4/2021-11-04-07-13-15.jpg,1185.6,482.22,1716.48,683.856,MESNON,1920,1080
iNat-1000/142194276.jpeg,165.27646693025903,127.79938348856044,335.492375929468,224.92904593024625,PINARB,500,375
iNat-1000/70433741.jpeg,182.68399701357592,126.08794923610688,282.08718516880555,284.7453180554373,MESCHA,500,375
iNat-1000/177799668.jpeg,182.5,119.080131460721,306.7112428100006,220.5078125,MOIDOM,500,375
iNat-1000/177799668.jpeg,37.5,179.2578125,150.0,265.5078125,MOIDOM,500,375
iNat-1000/128622887.jpeg,189.86007446806082,64.3843338815587,413.38340122048083,343.9441078072838,ACCMOU,500,407
task_20210615_Lab/2021-06-15-13-47-55.jpg,1049.856,213.84,1555.392,449.28,MESCHA,1920,1080
task_20210615_Lab/2021-06-15-13-47-55.jpg,1491.648,289.116,1756.032,648,MESCHA,1920,1080
iNat-1000/58926508.jpeg,7.707501055257061,170.9191643238216,257.3542484155852,360.72618455151786,MESHUP,281,500
iNat-1000/80038578.jpeg,219.74433226797956,117.53606338516965,364.62233357651655,275.67827793167135,SITTOR,500,375
task_2021-03-01_13/20210301-135047_(15.0).jpg,501.696,470.6688,989.952,843.0912,VEREUR,1920,1088
task_18-01-2021/2021-01-18-13-17-37.jpg,1161.6,459.136,1702.08,812.192,MESBLE,1920,1088
iNat-1000/97690886.jpeg,183.75,93.00781250000001,250.0,164.25781250000003,MOIDOM,500,333
task_2021-03-01_17/20210301-175242_(10.0).jpg,764.16,424.32,1096.128,680.9792,MESCHA,1920,1088
iNat-1000/115298893.jpg,169.88468715456625,86.97464091601167,287.31657908809683,225.23115017779492,MESBLE,500,333
iNat-1000/123224815.jpg,211.21326114238343,115.45611540246786,352.1569627557479,205.15633303602857,MESNOI,500,333
iNat-1000/135440394.jpeg,84.28571428571428,18.571428571428573,466.80505135973567,328.1763263400851,MESHUP,500,375
iNat-1000/69692641.jpeg,110.81942739182763,137.05546581864004,334.1342230685954,244.02985695172788,ACCMOU,500,385
iNat-1000/115750187.jpeg,152.1168112732882,147.87704396089566,305.3201751837865,263.27641424826504,VEREUR,500,375
iNat-1000/59899673.jpg,163.79950977765688,162.3729939001317,301.47797507112176,320.6996994467012,MESBLE,500,499
iNat-1000/182250370.jpeg,208.59212368202398,134.91157110465969,323.7270077494572,245.152762464301,MOIDOM,500,375
iNat-1000/120077630.jpg,212.92907887784256,113.16195119318873,339.5230960775462,224.66514921770803,VEREUR,500,333
iNat-1000/31749244.jpg,237.14285714285717,78.57142857142858,395.7142857142857,205.71428571428572,MESNOI,500,281
task_20210525_UPS/20210525-154225_(21.0).jpg,604.032,354.9056,1265.856,1088,PIEBAV,1920,1088
iNat-1000/123464764.jpeg,145.26305004374734,117.80003699784551,309.38126565143943,283.26836493980386,MESNON,500,375
task_2021-03-01_16/20210301-165757_(5.0).jpg,835.584,451.4112,1080.576,737.0112,VEREUR,1920,1088
iNat-1000/113718185.jpg,189.59190314783217,121.02123206441398,326.11443940487993,221.40882902741802,MESNON,500,332
iNat-1000/108814671.jpg,145.41019126326142,198.54846726976183,251.6987085529898,345.7060098059354,SITTOR,375,500
iNat-1000/177945016.jpeg,221.42857142857142,135.71428571428572,292.49109680130647,220.0,MESNON,500,375
iNat-1000/92664606.jpeg,131.42857142857142,154.28571428571428,374.2857142857143,377.14285714285717,MULGRI,500,500
task_2021_11_03-04_cescau4/2021-11-04-08-21-32.jpg,667.584,324.432,1227.456,927.828,PINARB,1920,1080
task_2021_11_03-04_cescau4/2021-11-03-10-26-47.jpg,1034.688,394.956,1482.432,807.516,PINARB,1920,1080
task_2021_11_03-04_cescau4/2021-11-03-10-22-11.jpg,1242.624,453.168,1523.52,775.764,PINARB,1920,1080
task_20210416_UPS/20210416-074300_(7.0).jpg,924.288,235.2256,1418.304,1028.3776,ECUROU,1920,1088
iNat-1000/163261382.jpg,154.32568785081924,103.87242763181774,281.44673662616646,258.1317894365101,MESHUP,500,334
task_20210616_Lab/2021-06-16-18-26-34.jpg,759.36,231.12,1427.904,621.756,VEREUR,1920,1080
iNat-1000/69455643.jpeg,159.5127974120616,167.3089517728866,371.3768524591819,292.5715510352822,MOIDOM,500,472
iNat-1000/184332119.jpg,197.40869419433707,152.5862141377349,345.5833031985962,258.71561784176237,MOIDOM,500,416
iNat-1000/168555709.jpg,163.89411468031494,153.16745831201465,286.7735825791245,321.8091029306105,ACCMOU,500,466
iNat-1000/73187879.jpg,218.54303778372108,181.39462975375784,416.6284503770879,276.60885161252327,SITTOR,500,375
iNat-1000/12059864.jpeg,176.70916533520054,106.7578125,317.5,223.44988114175422,TOUTUR,500,333
iNat-1000/168647809.jpeg,37.129466238646756,105.37050912478057,272.10971492504126,315.6305505693796,ROUGOR,500,333
task_20211109_cescau1/2021-11-09-10-23-19.jpg,979,148,1485,627,ROUGOR,1920,1080
iNat-1000/114966720.jpg,133.45802373791602,114.5678897612604,311.4514583976589,270.834490567122,MESNON,500,375
task_20210624_balacet/2021-06-24-07-03-11.jpg,864.576,333.504,1057.536,563.112,MULGRI,1920,1080
iNat-1000/90382101.jpg,79.33697627930071,75.80637506771166,216.1893579912329,175.0008910938475,PINARB,500,403
iNat-1000/149359033.jpeg,146.45434511457822,128.00981050891954,243.7291638237436,378.62904614040247,ECUROU,375,500
iNat-1000/115199393.jpg,62.30427964134134,141.42857142857144,232.85714285714286,380.2105493872855,MESHUP,333,500
iNat-1000/180791340 (1).jpeg,181.17593713403602,101.42936246065767,303.11699006515744,255.23277507732303,MESBLE,500,331
iNat-1000/112915222.jpg,218.51562183230175,94.28571428571429,431.42857142857144,273.53102317744384,MESHUP,500,375
iNat-1000/63469949.jpg,173.61534943458528,153.89967576165583,304.84652586050635,343.3612663754638,ACCMOU,500,500
iNat-1000/65896420.jpg,175.84685587142027,178.6758003581019,300.2213199635153,299.3516533321165,PINARB,500,375
task_20210416_UPS/20210416-175259_(18.0).jpg,852.864,285.3824,1482.048,974.304,ECUROU,1920,1088
iNat-1000/172079024.jpeg,173.99492864879647,152.50862275666466,386.1549576132691,258.2799807629036,SITTOR,500,400
iNat-1000/178111252.jpeg,155.25187941222197,129.28022176591662,335.8952090842796,249.85172822024393,ACCMOU,500,375
task_2021_11_03-04_cescau4/2021-11-03-12-18-32.jpg,741.504,445.608,1069.056,718.74,MESNON,1920,1080
task_20210417_UPS/20210417-101404_(31.0).jpg,717.888,117.504,1373.952,1080.4928,ECUROU,1920,1088
iNat-1000/128865714.jpeg,215.71428571428572,131.42857142857142,320.0,222.85714285714286,ACCMOU,500,333
iNat-1000/76001108.jpeg,214.60116517407798,148.1791228596859,334.4198697772221,253.90074409442218,ACCMOU,500,375
iNat-1000/69697359.jpeg,243.9787095650908,137.51121016312703,378.68503538549845,245.5059226189319,PIEBAV,500,375
iNat-1000/142142767.jpeg,230.0,55.714285714285715,356.20232080094945,300.0,MESHUP,500,375
iNat-1000/85639678.jpg,195.34637357252706,99.43102963820779,384.3200787335919,219.9689176463264,MESHUP,500,333
iNat-1000/6584854.jpg,93.26039939123052,134.73551607929417,229.84481150968244,262.9866096969996,MESNOI,500,333
task_20210419_UPS/20210419-150216_(7.0).jpg,954.24,919.5776,1652.544,1088,PIEBAV,1920,1088
iNat-1000/57201064.jpeg,209.72098008962874,134.9745315642753,324.3579927589451,299.205305692991,PIEBAV,500,486
iNat-1000/183552291.png,248.7089342276155,85.48274002082537,361.01832147261274,197.3368106545808,VEREUR,500,360
iNat-1000/117761021.jpg,181.13561844765925,113.5508188763469,346.0190343019877,200.0128726414156,PINARB,500,332
iNat-1000/17835605.jpg,53.80498004747586,93.62540979619808,461.6243224750702,356.32865593601804,TOUTUR,500,492
iNat-1000/169317832.jpeg,141.2038290313564,107.32847347483461,320.2839545808772,249.67262686979979,MESNOI,500,375
iNat-1000/179991093.jpeg,197.7086458359689,113.55515182499289,306.73376286664484,233.13272343728073,MOIDOM,500,375
iNat-1000/176923943.jpeg,132.09116004619904,135.08909281123817,353.18488241652983,256.6740472347381,MESNON,500,375
iNat-1000/112341890.jpeg,180.30996555962534,139.2029759543979,278.53861166550973,277.62858861882285,VEREUR,500,375
iNat-1000/58431276.jpeg,161.83661126974022,109.11982109980879,305.50302667566285,218.2986493471419,MESNOI,500,277
iNat-1000/157243056.jpeg,170.80002162599294,107.2791564100739,292.7255207872832,227.99392698988044,ACCMOU,500,333
iNat-1000/126407132.jpeg,136.67828181292072,120.49474030314126,311.754856957003,246.12173821536945,PINARB,500,375
task_05-01-2021/2021-01-05-16-18-27.jpg,1416,455.6544,1812.672,1088,MESBLE,1920,1088
iNat-1000/168368200.jpeg,26.775028674811434,216.54010994365126,323.2226198802424,439.78944701696037,MESNOI,500,500
task_2021-03-01_07/20210301-075610_(9.0).jpg,295.296,385.8048,872.256,781.4016,VEREUR,1920,1088
iNat-1000/154890855.jpeg,175.33517139876975,102.00783032101874,282.35492002949564,207.4326672900568,TOUTUR,500,332
task_05-01-2021/2021-01-05-17-19-44.jpg,876.48,393.0944,1857.216,1002.048,SITTOR,1920,1088
iNat-1000/160348455.jpg,175.2747377731565,75.5078125,328.75,283.0263760462964,ECUROU,500,333
iNat-1000/167588478.jpeg,17.142857142857142,164.28571428571428,257.14285714285717,490.5952163240763,MULGRI,375,500
task_20211109_cescau1/2021-11-09-11-19-19.jpg,248,347,813,667,MESNON,1920,1080
task_20211109_cescau1/2021-11-09-11-19-19.jpg,1298,283,1502,753,MESNON,1920,1080
task_20210418_UPS/20210418-172824_(5.0).jpg,656.448,576.2048,1373.568,1088,ECUROU,1920,1088
iNat-1000/90514491.jpg,230.13340084117988,123.4093019536445,394.2347434982393,233.60677927860075,PIEBAV,500,375
iNat-1000/72448288.jpeg,173.23414737900342,130.86166162284786,274.45142271796396,246.10825463851015,MESNON,500,375
task_20210418_UPS/20210418-104344_(15.0).jpg,715.2,500.3712,1398.336,1088,ECUROU,1920,1088
task_2021_11_03-04_cescau4/2021-11-04-08-20-35.jpg,1186.56,464.94,1513.152,674.892,PINARB,1920,1080
iNat-1000/163261370.jpg,238.4735074377224,89.95376641706902,367.5063255942457,225.32625292787264,MESHUP,500,333
iNat-1000/166952830.jpeg,301.99469141173864,177.4017059386249,481.89301058523654,302.3438689803614,TOUTUR,500,399
iNat-1000/166952830.jpeg,10.0,91.75781250000001,108.75,236.7578125,TOUTUR,500,399
iNat-1000/173621110.jpeg,33.46340454322541,157.52955095416445,303.54072228997535,487.9696364958556,MESHUP,500,500
iNat-1000/57165985.jpg,128.05210410529477,57.776439742827435,275.7175595746774,156.67484260822474,MESNOI,500,313
iNat-1000/70979312.jpeg,152.1397362069335,129.66736593549382,302.99118920273827,249.4682630210966,ACCMOU,500,375
iNat-1000/75959766.jpeg,52.33965755254404,161.75894007418046,296.42485444008616,387.42604008852646,MESHUP,375,500
iNat-1000/172791854.jpg,214.662585801069,139.02995546251034,333.16770041657537,289.46188638491515,VEREUR,500,439
iNat-1000/105618792.jpeg,165.17538863277463,85.15390676074321,299.05453783612836,326.4039476766497,ACCMOU,500,375
task_20211109_cescau1/2021-11-09-12-19-35.jpg,560,200,753,450,MESNON,1920,1080
iNat-1000/144079005.jpeg,31.42857142857143,132.85714285714286,263.82512154689203,230.71908437019002,ACCMOU,500,375
iNat-1000/8394715.jpeg,172.81161122770317,188.639952456656,298.17860182760154,302.88921536544893,MOIDOM,500,375
task_20210624_balacet/2021-06-24-10-23-40.jpg,800.832,323.784,1111.488,777.276,ACCMOU,1920,1080
iNat-1000/62050883.jpeg,210.94121728232494,135.27132252365826,326.5626529202354,240.28381167829406,MESNON,500,348
iNat-1000/139211526.jpeg,42.07466215891168,235.5078125,159.99999999999997,306.20397296165504,ECUROU,281,500
iNat-1000/136693247.jpeg,214.80173948458412,131.26117982845946,329.88562779131894,236.28543589068423,ACCMOU,500,333
iNat-1000/90231312.jpg,174.22326967648854,160.4404397118999,321.11696668610733,275.67821661377087,ROUGOR,500,375
iNat-1000/62728388.jpeg,243.46603230014887,98.15256629587799,369.15471456121566,220.78429977189052,SITTOR,500,335
iNat-1000/38036762.jpg,110.60619356847157,99.43217106779045,265.0105396806654,347.41814732835036,MULGRI,375,500
iNat-1000/183752486.jpeg,197.43010724171955,111.58163546698583,336.73528579059416,218.32456702392935,TOUTUR,500,356
iNat-1000/142892740.jpeg,299.8708787924215,101.02977052877137,459.9891874464126,208.21244621486454,MOIDOM,500,333
iNat-1000/137869467.jpeg,151.25,121.7578125,345.3285156961245,229.8125870247998,TOUTUR,500,375
iNat-1000/52005486.jpg,192.86284316587228,148.74249547249414,343.12663252367065,295.61349226695086,ROUGOR,500,438
iNat-1000/99980385.jpg,153.9053042942917,124.49624060619746,305.45211633601286,252.1467006093862,PINARB,500,375
task_20210413_UPS/20210413-084321_(10.0).jpg,839.424,154.1696,1211.904,887.4816,ECUROU,1920,1088
task_20210525_UPS/20210525-175528_(30.0).jpg,495.744,2.3936,1271.616,855.9296,ECUROU,1920,1088
iNat-1000/172556618.jpeg,177.49671123846977,156.81754179645327,356.1915983030693,283.28876279160784,PINARB,500,446
iNat-1000/69671016.jpeg,123.83879822105615,89.53654450173997,318.4649544076879,195.33356191327047,SITTOR,500,303
iNat-1000/118164631.jpg,185.3762067448446,120.03522270600926,290.5761181716892,409.8392354611648,TOUTUR,466,500
task_20211109_cescau1/2021-11-09-10-37-15.jpg,507,233,1084,482,SITTOR,1920,1080
iNat-1000/136022033.jpg,163.53265818664013,136.39459094908966,296.91428777342406,263.4198785241941,TOUTUR,500,375
iNat-1000/61094788.jpg,200.18819982061032,76.68208181586583,313.2524851383655,264.5344393356048,MESBLE,500,333
task_20211109_cescau1/2021-11-09-11-25-24.jpg,688,240,900,475,MESBLE,1920,1080
task_2021_11_03-04_cescau4/2021-11-04-06-53-46.jpg,1216.128,428.112,1772.928,693.36,PINARB,1920,1080
task_20210523_UPS/20210523-174058_(11.0).jpg,499.008,430.0864,1274.88,1084.6272,PIEBAV,1920,1088
iNat-1000/162508195.jpeg,292.9290208604719,92.46214698491585,452.85714285714283,228.57142857142858,MESHUP,500,375
iNat-1000/168026296.jpeg,179.23449798682194,164.61245569095425,286.71942745904056,349.40438682614047,PINARB,500,500
task_20210523_UPS/20210523-174329_(17.0).jpg,572.928,407.3472,1233.216,1084.6272,PIEBAV,1920,1088
iNat-1000/107515055.jpeg,237.17680592771904,64.92612490856398,413.2696277067785,158.82241924188662,ROUGOR,500,333
task_2021_11_03-04_cescau4/2021-11-03-16-14-30.jpg,1223.232,486.324,1562.112,662.688,MESNON,1920,1080
iNat-1000/116988310.jpg,226.08542745737515,109.64924570857484,400.1273251261391,245.72832888546714,MESNON,500,333
task_2021_11_03-04_cescau4/2021-11-03-16-12-37.jpg,1473.6,434.376,1920,1039.824,MESHUP,1920,1080
task_20210217/20210217-174346_01(12.0).jpg,811.968,1.188,1669.632,720.252,TOUTUR,1920,1080
task_20210217/20210217-174346_01(12.0).jpg,1.92,3.024,1468.416,763.884,TOUTUR,1920,1080
task_19-01-2021/2021-01-19-11-13-59.jpg,416.832,152.32,712.128,488.0768,MESNON,1920,1088
iNat-1000/119870310.jpeg,208.4823552543631,180.59601238374054,358.75,301.7578125,TOUTUR,500,375
iNat-1000/119870310.jpeg,73.75,221.75781249999997,181.25,340.5078125,TOUTUR,500,375
iNat-1000/53274362.jpg,202.22379741210074,134.36889111093203,315.7768241655909,319.4276334740017,PIEBAV,499,500
iNat-1000/169573040.jpg,83.75,183.0078125,172.5,354.2578125,ECUROU,375,500
iNat-1000/66367702.jpeg,148.37249093858983,102.66106713580045,321.9113409950444,234.87355605373867,MULGRI,500,333
iNat-1000/84181976.jpg,97.14285714285714,35.714285714285715,370.0,240.0,MULGRI,500,375
iNat-1000/47467430.jpeg,96.68631617065222,170.42683961491318,229.24094558395518,325.0809082610461,VEREUR,331,500
iNat-1000/72103286.jpg,99.04875741469009,122.24482634428985,284.3090063103821,220.88620915392195,SITTOR,500,333
iNat-1000/176897552.jpeg,164.37715957338884,136.23975448473078,310.88303813222024,351.82044867073705,MESNON,452,500
iNat-1000/126604032.jpeg,110.20310669982986,86.78228286262473,397.41341702428156,311.4365279473883,ECUROU,500,333
iNat-1000/123372745.jpg,92.55441787486173,138.7279416216762,211.0017649348886,250.56293426235237,PINARB,500,334
iNat-1000/134801635.jpeg,189.4726098496199,150.21282043873464,313.33235472021875,305.978622614459,MESHUP,500,363
iNat-1000/182089419.jpg,210.39007193929498,66.17753872162675,370.3952576986499,298.03756963359604,SITTOR,500,375
iNat-1000/38858770.jpg,177.55767621147356,95.7120937882654,320.6809785996009,257.9186911227738,SITTOR,500,375
task_19-01-2021/2021-01-19-11-18-41.jpg,723.648,183.1104,1007.232,464.9024,MESNON,1920,1088
iNat-1000/105618763.jpeg,93.7286210448581,94.43679417392104,343.25435826673765,301.14547487702885,ACCMOU,500,375
iNat-1000/134961338.jpeg,173.52632995734507,105.34076562809658,271.6982889796446,241.16249953714362,TOUTUR,500,375
task_2021_11_03-04_cescau4/2021-11-04-08-37-46.jpg,1302.336,486.54,1587.072,661.284,MESHUP,1920,1080
iNat-1000/116075723.jpeg,55.64936155987469,90.55360689579419,321.02227955041025,261.36147723792794,MESNOI,500,333
iNat-1000/85420829.jpg,246.25,135.50781249999997,370.0,235.50781249999997,ROUGOR,500,357
iNat-1000/63674377.jpeg,107.87082697276142,138.76705653946135,199.08355270860972,350.07313802631654,SITTOR,352,500
iNat-1000/45408944.jpg,135.80896267599135,154.24669773780235,257.3882365541118,304.7551351657659,ROUGOR,375,500
iNat-1000/136796618.jpeg,168.96251125501556,147.6118224491884,290.70601372020406,257.57967569874467,ACCMOU,500,375
iNat-1000/58907801.jpg,176.0247352958695,114.28571428571429,305.7142857142857,283.52736202510584,MESNOI,500,333
task_05-01-2021/2021-01-05-17-18-32.jpg,833.664,138.8288,1074.816,300.832,ACCMOU,1920,1088
task_05-01-2021/2021-01-05-17-18-32.jpg,725.568,445.6448,1593.984,810.3424,SITTOR,1920,1088
task_19-01-2021/2021-01-19-11-20-52.jpg,3.84,219.776,779.712,839.2832,MESBLE,1920,1088
task_2021-03-01_13/20210301-134139_(6.0).jpg,831.744,459.136,1105.728,802.6176,VEREUR,1920,1088
iNat-1000/66493032.jpg,150.1585354419213,65.45651636714253,350.81035774830735,314.116047579613,SITTOR,500,375
iNat-1000/107818230.jpg,146.21655787020072,121.76263834094857,295.2800811530245,267.05968828278424,PIEBAV,500,375
task_19-01-2021/2021-01-19-12-18-28.jpg,779.712,115.6544,1221.504,617.3312,MESNON,1920,1088
iNat-1000/106219053.jpeg,125.5797041874055,87.49455393030911,267.60492047635523,202.47639476615518,VEREUR,500,387
iNat-1000/167499080.jpeg,211.9678306815476,186.13126529298503,336.008793303394,335.1011347593504,MESNON,500,488
iNat-1000/160502128.jpeg,152.85714285714286,104.28571428571429,347.14285714285717,321.42857142857144,MULGRI,500,486
iNat-1000/171751516.jpg,205.86725256781483,201.29310268021834,327.19409491775275,377.5892855100842,MESNON,500,485
iNat-1000/117817024.jpeg,158.6848961852686,133.67889678938738,332.9295707886648,238.8493565819482,PINARB,500,375
iNat-1000/182308630.jpeg,122.3743713656697,131.05192842249832,315.72734218807,241.1819537958763,PINARB,500,375
iNat-1000/111028799.jpeg,205.97263315552854,142.3550000453383,338.2891687267993,246.2512998997275,PINARB,500,375
iNat-1000/161058849.png,182.58913679955742,113.77418320019223,284.8475535997637,248.27155216167904,ACCMOU,500,336
iNat-1000/182726455.jpeg,147.6243680373262,111.70471198579285,299.66647593369464,200.70069165917528,MOIDOM,500,318
iNat-1000/115301483.jpg,148.5101006985008,111.20688458339052,310.44534847947943,236.08964615512093,MESNOI,500,333
iNat-1000/155210375.jpg,160.26931690051825,174.11909042283983,338.49145982036305,283.83328266530253,TOUTUR,500,375
task_2021-03-01_07/20210301-075025_(9.0).jpg,1200.192,524.7424,1599.744,1088,VEREUR,1920,1088
iNat-1000/182446188.jpeg,174.83804057787532,151.40602691120108,294.7272271267002,256.29968030493137,MESNOI,500,331
iNat-1000/99846090.jpeg,59.26161500752085,59.884498780080214,308.814112754231,273.26874331524044,MESHUP,500,333
task_05-01-2021/2021-01-05-16-46-15.jpg,1137.984,592.96,1911.744,1088,SITTOR,1920,1088
iNat-1000/127278882.jpeg,301.8885480142709,112.67714575553906,480.3776554374615,226.5267466396458,PINARB,500,333
iNat-1000/47012677.jpg,142.1770700871626,183.71281899956685,237.3354233865441,341.80730692567533,ROUGOR,375,500
iNat-1000/172555446.jpeg,245.9426738792643,128.51179840370895,384.06874350049515,251.0515675050433,MESBLE,500,351
iNat-1000/105503492.jpeg,125.04490206849145,86.33957049818468,374.7023563524952,353.40218944857713,MESHUP,500,375
iNat-1000/146330819.jpeg,181.6392959246419,123.61756876524291,308.14088252285296,246.86457284245392,PIEBAV,500,375
iNat-1000/133624409.jpg,141.42857142857144,178.57142857142858,391.4285714285714,338.5714285714286,MULGRI,500,376
iNat-1000/128491192.jpg,179.2944994434653,144.25781250000003,305.0,308.0539433150362,MOIDOM,500,433
iNat-1000/30339741.jpeg,170.0,84.68663781401278,295.9328045232536,194.28571428571428,ACCMOU,500,375
iNat-1000/176397179.jpg,202.64563980914753,168.70109273513506,315.4582003027211,369.4524018990461,VEREUR,500,500
task_20210228/20210228-121603_(7.0).jpg,1096.128,621.1392,1453.056,1088,VEREUR,1920,1088
iNat-1000/147031080.jpeg,169.57261786153964,134.83021770986332,282.7708691305949,281.4204198525128,ROUGOR,500,375
iNat-1000/114929808.jpeg,176.01785964020422,159.76121451783797,276.646246387557,308.9725543958119,MESBLE,500,361
task_2021-03-01_13/20210301-130715_(5.0).jpg,399.552,474.5856,744.96,929.9136,MESBLE,1920,1088
iNat-1000/38406666.jpg,206.81163020755855,125.71165213304523,308.20908679856547,283.01551599008246,MOIDOM,500,375
iNat-1000/107811707.jpeg,102.10339592671738,120.21381987912282,239.0355817953276,240.08465749109396,ACCMOU,500,375
iNat-1000/74206862.jpg,164.62939071536417,89.21192598213823,278.48754647584184,258.3335574921058,MOIDOM,500,333
iNat-1000/121856233.jpeg,199.1221054312686,83.47876091445754,313.73296062983496,237.3208594358119,SITTOR,500,333
task_20210616_Lab/2021-06-16-18-56-48.jpg,726.72,98.712,1125.696,472.932,VEREUR,1920,1080
iNat-1000/60333925.jpeg,192.82158329543373,116.98620568115817,317.599163913217,268.3653131187284,MOIDOM,500,375
iNat-1000/77829628.jpg,188.39470119687556,85.47849864502125,293.28488997790924,221.81730823813044,ROUGOR,500,333
task_19-01-2021/2021-01-19-13-01-48.jpg,1259.328,30.2464,1920,702.9568,ROUGOR,1920,1088
iNat-1000/114452122.jpg,191.5861171209922,115.73598389785016,310.5537239618816,226.7849369257916,VEREUR,500,333
iNat-1000/30851400.jpeg,170.2927450061814,114.94384939823713,303.1591779536553,207.59382866891877,MOIDOM,500,333
iNat-1000/21543973.jpeg,133.5661527728956,84.04923513235515,389.8059423476379,254.69944326550768,MULGRI,500,320
iNat-1000/59821197.jpg,149.1091556140901,117.08510988800606,306.249495272244,235.31179513600082,SITTOR,500,335
iNat-1000/176681754.jpg,113.39433151705691,107.0918077028971,393.51260021631975,350.0687518176299,MULGRI,500,440
iNat-1000/59325982.jpeg,204.47330009302578,113.02730383612887,314.1585980149111,347.9708911170878,TOUTUR,500,375
task_20210624_balacet/2021-06-24-06-20-06.jpg,962.88,331.56,1867.968,607.5,MULGRI,1920,1080
iNat-1000/70958731.jpeg,154.1093257072799,133.15313590467662,299.5131776105524,244.93233400407271,PIEBAV,500,375
iNat-1000/26482311.jpg,209.27209550912167,59.35423073541432,323.4915686093198,262.6892908045838,TOUTUR,500,333
iNat-1000/171595909.jpeg,176.36244878123364,148.79346824367965,327.0861548209455,305.4790249238404,PIEBAV,500,455
task_05-01-2021/2021-01-05-17-19-50.jpg,482.496,518.8672,959.04,1088,MESBLE,1920,1088
task_20210523_UPS/20210523-174246_(26.0).jpg,415.488,396.032,1108.032,1082.7776,PIEBAV,1920,1088
iNat-1000/182741873.jpeg,123.60810000229021,64.73338401034778,256.1660833511174,143.7422648503672,MOIDOM,500,281
iNat-1000/64717966.jpg,184.52173682760517,102.85604642437127,291.87565280079383,266.6611190077784,PIEBAV,500,375
iNat-1000/21892194.jpeg,180.37682230263414,61.155248576394456,299.60199605411185,278.7593043329449,ROUGOR,500,333
iNat-1000/103908597.jpg,137.68975057300133,210.00800036518586,221.96855596616288,421.13315539133225,ROUGOR,375,500
iNat-1000/66789439.jpg,48.57142857142857,8.571428571428571,488.57142857142856,301.42857142857144,MESNOI,500,350
iNat-1000/115783189.jpeg,53.01833719692209,89.67285327235605,264.15885298348053,205.61013274311406,PIEBAV,500,333
iNat-1000/97238809.jpeg,199.87311999919595,76.00948184244994,330.2225559773872,303.6797366630352,TOUTUR,500,375
iNat-1000/150897815.jpg,180.31814401409608,102.63354138548584,281.19949938467187,252.98018654774137,ROUGOR,500,367
iNat-1000/39275809.jpeg,204.67765046727294,138.58318068297348,314.07605797389635,265.64052071554886,TOUTUR,500,375
iNat-1000/65235278.jpeg,172.98387575808306,105.46274493135178,296.25,198.0078125,TOUTUR,500,333
iNat-1000/32627101.jpeg,159.16939510232137,109.62318129910521,365.43513579124345,224.53021686284598,MESNOI,500,332
iNat-1000/174733439.jpg,184.4137417014134,116.56918723734138,321.3237778961849,223.84455689422563,MESNOI,500,333
task_18-01-2021/2021-01-18-13-48-06.jpg,1292.928,520.9344,1912.32,962.6624,MESBLE,1920,1088
iNat-1000/114664481.jpeg,212.5,150.5078125,327.51934464690237,280.2009219133452,ROUGOR,500,333
iNat-1000/31519405.jpeg,203.39236149184302,111.98109631676527,329.9058584081477,213.59826613720384,MOIDOM,500,325
iNat-1000/64772192.png,198.00989296948754,100.33531658642876,325.97886090953915,185.40504642614434,MESNOI,500,276
iNat-1000/58470488.jpg,202.60011840215384,154.2578125,318.75,238.43273025053975,PIEBAV,500,375
iNat-1000/85974326.jpg,107.60755968499183,84.15359697042176,374.6306597855772,255.46423349866168,MULGRI,500,335
task_2021_11_03-04_cescau4/2021-11-03-15-52-28.jpg,1442.88,454.032,1628.736,651.888,MESNOI,1920,1080
iNat-1000/104806299.jpeg,162.96146637593594,104.82556709826004,295.1562227137872,212.98290849533646,MESNOI,500,333
iNat-1000/31534739.jpeg,144.43200880868835,147.577851134683,321.91832524107707,246.48232936350286,MESNOI,500,365
iNat-1000/104455988.jpeg,165.42539067112295,114.45168307850479,276.85286157761686,223.69621674804324,MESNOI,500,336
iNat-1000/133767762.jpg,95.39085434698458,237.88008686292815,203.77341496810456,350.81414442557747,MULGRI,281,500
iNat-1000/61560556.jpeg,109.65686701428746,110.26159568120302,338.5165690722323,256.748010751211,MESNOI,500,375
iNat-1000/122351381.jpeg,84.28571428571429,184.28571428571428,344.1214595481986,334.62094768921037,MULGRI,375,500
iNat-1000/83668413.jpg,169.19765026685488,51.30523492703646,355.40992053793053,291.97438914012025,MULGRI,500,376
task_20210624_balacet/2021-06-24-06-59-20.jpg,1020.864,267.84,1289.088,563.112,MULGRI,1920,1080
task_20210624_balacet/2021-06-24-06-59-20.jpg,791.232,412.56,1059.456,626.832,MULGRI,1920,1080
iNat-1000/55953345.jpeg,67.80433442780928,67.3538412831858,382.7338245531801,280.65585620809094,MULGRI,500,375
task_20211109_cescau1/2021-11-09-10-04-19.jpg,449,219,1296,658,PINNOR,1920,1080
task_20211109_cescau1/2021-11-09-10-05-10.jpg,569,143,1250,481,PINNOR,1920,1080
